id,area,feature,user_story,expected_behavior,paths,test_method,status,last_result,issues,fixed_in,retest_status,screenshot,source_basis
MOB-001,Homepage,Mobile page load: /,"As a mobile visitor, I can open / and see usable content without broken rendering.","HTTP 2xx/3xx, no visible app error, no horizontal overflow, meaningful mobile content renders.",/,"Playwright mobile 393x759 route render, console/page-error capture, horizontal-overflow check, first-fold screenshot.",pass,"200 title=Stanley Systems | AI Office Map h1=Make your office team faster, sharper, and more profitable with AI.",,,pass,/home/jaden/.openclaw/workspace/Stanley-Systems-Landing-Page/qa/browser-screenshots/001-home.png,app/**/page.tsx + app/sitemap.ts + rendered DOM
MOB-002,Homepage,CTA/link: tel:+16179586372,"As a mobile visitor on /, I can tap “tel:+16179586372” and go to the intended destination.",Visible tap target has a valid destination; internal HTTP target resolves successfully; tel/mail links remain device handoffs.,/ -> tel:+16179586372,Rendered mobile DOM anchor discovery + safe HTTP target check; no production form submits.,pass,device handoff link present,,,pass,/home/jaden/.openclaw/workspace/Stanley-Systems-Landing-Page/qa/browser-screenshots/001-home.png,Rendered mobile DOM anchors
MOB-003,Homepage,CTA/link: Start Free,"As a mobile visitor on /, I can tap “Start Free” and go to the intended destination.",Visible tap target has a valid destination; internal HTTP target resolves successfully; tel/mail links remain device handoffs.,/ -> /ai-office-blueprint,Rendered mobile DOM anchor discovery + safe HTTP target check; no production form submits.,pass,200 https://stanley-systems.com/ai-office-blueprint,,,pass,/home/jaden/.openclaw/workspace/Stanley-Systems-Landing-Page/qa/browser-screenshots/001-home.png,Rendered mobile DOM anchors
MOB-004,Homepage,CTA/link: Map,"As a mobile visitor on /, I can tap “Map” and go to the intended destination.",Visible tap target has a valid destination; internal HTTP target resolves successfully; tel/mail links remain device handoffs.,/ -> /ai-office-map,Rendered mobile DOM anchor discovery + safe HTTP target check; no production form submits.,pass,200 https://stanley-systems.com/ai-office-map,,,pass,/home/jaden/.openclaw/workspace/Stanley-Systems-Landing-Page/qa/browser-screenshots/001-home.png,Rendered mobile DOM anchors
MOB-005,Homepage,CTA/link: Stanley Systems,"As a mobile visitor on /, I can tap “Stanley Systems” and go to the intended destination.",Visible tap target has a valid destination; internal HTTP target resolves successfully; tel/mail links remain device handoffs.,/ -> /,Rendered mobile DOM anchor discovery + safe HTTP target check; no production form submits.,pass,200 https://stanley-systems.com/,,,pass,/home/jaden/.openclaw/workspace/Stanley-Systems-Landing-Page/qa/browser-screenshots/001-home.png,Rendered mobile DOM anchors
MOB-006,Homepage,CTA/link: Get the Free Blueprint,"As a mobile visitor on /, I can tap “Get the Free Blueprint” and go to the intended destination.",Visible tap target has a valid destination; internal HTTP target resolves successfully; tel/mail links remain device handoffs.,/ -> /ai-office-blueprint,Rendered mobile DOM anchor discovery + safe HTTP target check; no production form submits.,pass,200 https://stanley-systems.com/ai-office-blueprint,,,pass,/home/jaden/.openclaw/workspace/Stanley-Systems-Landing-Page/qa/browser-screenshots/001-home.png,Rendered mobile DOM anchors
MOB-007,Homepage,CTA/link: Book the AI Office Map,"As a mobile visitor on /, I can tap “Book the AI Office Map” and go to the intended destination.",Visible tap target has a valid destination; internal HTTP target resolves successfully; tel/mail links remain device handoffs.,/ -> /ai-office-map,Rendered mobile DOM anchor discovery + safe HTTP target check; no production form submits.,pass,200 https://stanley-systems.com/ai-office-map,,,pass,/home/jaden/.openclaw/workspace/Stanley-Systems-Landing-Page/qa/browser-screenshots/001-home.png,Rendered mobile DOM anchors
MOB-008,Homepage,CTA/link: See the AI Office Installation Sprint,"As a mobile visitor on /, I can tap “See the AI Office Installation Sprint” and go to the intended destination.",Visible tap target has a valid destination; internal HTTP target resolves successfully; tel/mail links remain device handoffs.,/ -> /systems-installation-sprint,Rendered mobile DOM anchor discovery + safe HTTP target check; no production form submits.,pass,200 https://stanley-systems.com/systems-installation-sprint,,,pass,/home/jaden/.openclaw/workspace/Stanley-Systems-Landing-Page/qa/browser-screenshots/001-home.png,Rendered mobile DOM anchors
MOB-009,Homepage,CTA/link: AI Office Map,"As a mobile visitor on /, I can tap “AI Office Map” and go to the intended destination.",Visible tap target has a valid destination; internal HTTP target resolves successfully; tel/mail links remain device handoffs.,/ -> /ai-office-map,Rendered mobile DOM anchor discovery + safe HTTP target check; no production form submits.,pass,200 https://stanley-systems.com/ai-office-map,,,pass,/home/jaden/.openclaw/workspace/Stanley-Systems-Landing-Page/qa/browser-screenshots/001-home.png,Rendered mobile DOM anchors
MOB-010,Homepage,Form/interactive flow: /,"As a mobile visitor, I can see and use the form or interactive flow on / without layout blocking.",Fields/buttons are visible and large enough for mobile; validation should prevent incomplete submissions; production side-effect submissions require explicit approval before live POST testing.,/,"Side-effect-safe render inspection. Found 0 form(s), 47 interactive anchors/buttons. No live POST submission performed.",pass,"{""forms"":[]}",,,pass,/home/jaden/.openclaw/workspace/Stanley-Systems-Landing-Page/qa/browser-screenshots/001-home.png,Rendered forms/buttons + source fetch calls searched separately
MOB-011,Blueprint funnel,Mobile page load: /ai-office-blueprint,"As a mobile visitor, I can open /ai-office-blueprint and see usable content without broken rendering.","HTTP 2xx/3xx, no visible app error, no horizontal overflow, meaningful mobile content renders.",/ai-office-blueprint,"Playwright mobile 393x759 route render, console/page-error capture, horizontal-overflow check, first-fold screenshot.",pass,"200 title=Free AI Office Blueprint | Stanley Systems h1=Get the Free
AI Office Blueprint",,,pass,/home/jaden/.openclaw/workspace/Stanley-Systems-Landing-Page/qa/browser-screenshots/011-ai-office-blueprint.png,app/**/page.tsx + app/sitemap.ts + rendered DOM
MOB-012,Blueprint funnel,CTA/link: tel:+16179586372,"As a mobile visitor on /ai-office-blueprint, I can tap “tel:+16179586372” and go to the intended destination.",Visible tap target has a valid destination; internal HTTP target resolves successfully; tel/mail links remain device handoffs.,/ai-office-blueprint -> tel:+16179586372,Rendered mobile DOM anchor discovery + safe HTTP target check; no production form submits.,pass,device handoff link present,,,pass,/home/jaden/.openclaw/workspace/Stanley-Systems-Landing-Page/qa/browser-screenshots/011-ai-office-blueprint.png,Rendered mobile DOM anchors
MOB-013,Blueprint funnel,CTA/link: Start Free,"As a mobile visitor on /ai-office-blueprint, I can tap “Start Free” and go to the intended destination.",Visible tap target has a valid destination; internal HTTP target resolves successfully; tel/mail links remain device handoffs.,/ai-office-blueprint -> /ai-office-blueprint,Rendered mobile DOM anchor discovery + safe HTTP target check; no production form submits.,pass,200 https://stanley-systems.com/ai-office-blueprint,,,pass,/home/jaden/.openclaw/workspace/Stanley-Systems-Landing-Page/qa/browser-screenshots/011-ai-office-blueprint.png,Rendered mobile DOM anchors
MOB-014,Blueprint funnel,CTA/link: Map,"As a mobile visitor on /ai-office-blueprint, I can tap “Map” and go to the intended destination.",Visible tap target has a valid destination; internal HTTP target resolves successfully; tel/mail links remain device handoffs.,/ai-office-blueprint -> /ai-office-map,Rendered mobile DOM anchor discovery + safe HTTP target check; no production form submits.,pass,200 https://stanley-systems.com/ai-office-map,,,pass,/home/jaden/.openclaw/workspace/Stanley-Systems-Landing-Page/qa/browser-screenshots/011-ai-office-blueprint.png,Rendered mobile DOM anchors
MOB-015,Blueprint funnel,CTA/link: Stanley Systems,"As a mobile visitor on /ai-office-blueprint, I can tap “Stanley Systems” and go to the intended destination.",Visible tap target has a valid destination; internal HTTP target resolves successfully; tel/mail links remain device handoffs.,/ai-office-blueprint -> /,Rendered mobile DOM anchor discovery + safe HTTP target check; no production form submits.,pass,200 https://stanley-systems.com/,,,pass,/home/jaden/.openclaw/workspace/Stanley-Systems-Landing-Page/qa/browser-screenshots/011-ai-office-blueprint.png,Rendered mobile DOM anchors
MOB-016,Blueprint funnel,CTA/link: Get the AI Office Map,"As a mobile visitor on /ai-office-blueprint, I can tap “Get the AI Office Map” and go to the intended destination.",Visible tap target has a valid destination; internal HTTP target resolves successfully; tel/mail links remain device handoffs.,/ai-office-blueprint -> /ai-office-map,Rendered mobile DOM anchor discovery + safe HTTP target check; no production form submits.,pass,200 https://stanley-systems.com/ai-office-map,,,pass,/home/jaden/.openclaw/workspace/Stanley-Systems-Landing-Page/qa/browser-screenshots/011-ai-office-blueprint.png,Rendered mobile DOM anchors
MOB-017,Blueprint funnel,CTA/link: Need the full Map instead?,"As a mobile visitor on /ai-office-blueprint, I can tap “Need the full Map instead?” and go to the intended destination.",Visible tap target has a valid destination; internal HTTP target resolves successfully; tel/mail links remain device handoffs.,/ai-office-blueprint -> /ai-office-map,Rendered mobile DOM anchor discovery + safe HTTP target check; no production form submits.,pass,200 https://stanley-systems.com/ai-office-map,,,pass,/home/jaden/.openclaw/workspace/Stanley-Systems-Landing-Page/qa/browser-screenshots/011-ai-office-blueprint.png,Rendered mobile DOM anchors
MOB-018,Blueprint funnel,CTA/link: AI Office Map,"As a mobile visitor on /ai-office-blueprint, I can tap “AI Office Map” and go to the intended destination.",Visible tap target has a valid destination; internal HTTP target resolves successfully; tel/mail links remain device handoffs.,/ai-office-blueprint -> /ai-office-map,Rendered mobile DOM anchor discovery + safe HTTP target check; no production form submits.,pass,200 https://stanley-systems.com/ai-office-map,,,pass,/home/jaden/.openclaw/workspace/Stanley-Systems-Landing-Page/qa/browser-screenshots/011-ai-office-blueprint.png,Rendered mobile DOM anchors
MOB-019,Blueprint funnel,CTA/link: Free AI Office Blueprint,"As a mobile visitor on /ai-office-blueprint, I can tap “Free AI Office Blueprint” and go to the intended destination.",Visible tap target has a valid destination; internal HTTP target resolves successfully; tel/mail links remain device handoffs.,/ai-office-blueprint -> /ai-office-blueprint,Rendered mobile DOM anchor discovery + safe HTTP target check; no production form submits.,pass,200 https://stanley-systems.com/ai-office-blueprint,,,pass,/home/jaden/.openclaw/workspace/Stanley-Systems-Landing-Page/qa/browser-screenshots/011-ai-office-blueprint.png,Rendered mobile DOM anchors
MOB-020,Blueprint funnel,Form/interactive flow: /ai-office-blueprint,"As a mobile visitor, I can see and use the form or interactive flow on /ai-office-blueprint without layout blocking.",Fields/buttons are visible and large enough for mobile; validation should prevent incomplete submissions; production side-effect submissions require explicit approval before live POST testing.,/ai-office-blueprint,"Side-effect-safe render inspection. Found 0 form(s), 45 interactive anchors/buttons. No live POST submission performed.",pass,"{""forms"":[]}",,,pass,/home/jaden/.openclaw/workspace/Stanley-Systems-Landing-Page/qa/browser-screenshots/011-ai-office-blueprint.png,Rendered forms/buttons + source fetch calls searched separately
MOB-021,AI Office Map funnel,Mobile page load: /ai-office-map,"As a mobile visitor, I can open /ai-office-map and see usable content without broken rendering.","HTTP 2xx/3xx, no visible app error, no horizontal overflow, meaningful mobile content renders.",/ai-office-map,"Playwright mobile 393x759 route render, console/page-error capture, horizontal-overflow check, first-fold screenshot.",pass,200 title=Stanley Systems | AI Office Map h1=Find the Office Work AI Should Remove First.,,,pass,/home/jaden/.openclaw/workspace/Stanley-Systems-Landing-Page/qa/browser-screenshots/021-ai-office-map.png,app/**/page.tsx + app/sitemap.ts + rendered DOM
MOB-022,AI Office Map funnel,CTA/link: tel:+16179586372,"As a mobile visitor on /ai-office-map, I can tap “tel:+16179586372” and go to the intended destination.",Visible tap target has a valid destination; internal HTTP target resolves successfully; tel/mail links remain device handoffs.,/ai-office-map -> tel:+16179586372,Rendered mobile DOM anchor discovery + safe HTTP target check; no production form submits.,pass,device handoff link present,,,pass,/home/jaden/.openclaw/workspace/Stanley-Systems-Landing-Page/qa/browser-screenshots/021-ai-office-map.png,Rendered mobile DOM anchors
MOB-023,AI Office Map funnel,CTA/link: Start Free,"As a mobile visitor on /ai-office-map, I can tap “Start Free” and go to the intended destination.",Visible tap target has a valid destination; internal HTTP target resolves successfully; tel/mail links remain device handoffs.,/ai-office-map -> /ai-office-blueprint,Rendered mobile DOM anchor discovery + safe HTTP target check; no production form submits.,pass,200 https://stanley-systems.com/ai-office-blueprint,,,pass,/home/jaden/.openclaw/workspace/Stanley-Systems-Landing-Page/qa/browser-screenshots/021-ai-office-map.png,Rendered mobile DOM anchors
MOB-024,AI Office Map funnel,CTA/link: Map,"As a mobile visitor on /ai-office-map, I can tap “Map” and go to the intended destination.",Visible tap target has a valid destination; internal HTTP target resolves successfully; tel/mail links remain device handoffs.,/ai-office-map -> /ai-office-map,Rendered mobile DOM anchor discovery + safe HTTP target check; no production form submits.,pass,200 https://stanley-systems.com/ai-office-map,,,pass,/home/jaden/.openclaw/workspace/Stanley-Systems-Landing-Page/qa/browser-screenshots/021-ai-office-map.png,Rendered mobile DOM anchors
MOB-025,AI Office Map funnel,CTA/link: Stanley Systems,"As a mobile visitor on /ai-office-map, I can tap “Stanley Systems” and go to the intended destination.",Visible tap target has a valid destination; internal HTTP target resolves successfully; tel/mail links remain device handoffs.,/ai-office-map -> /,Rendered mobile DOM anchor discovery + safe HTTP target check; no production form submits.,pass,200 https://stanley-systems.com/,,,pass,/home/jaden/.openclaw/workspace/Stanley-Systems-Landing-Page/qa/browser-screenshots/021-ai-office-map.png,Rendered mobile DOM anchors
MOB-026,AI Office Map funnel,CTA/link: Book the AI Office Map,"As a mobile visitor on /ai-office-map, I can tap “Book the AI Office Map” and go to the intended destination.",Visible tap target has a valid destination; internal HTTP target resolves successfully; tel/mail links remain device handoffs.,/ai-office-map -> https://buy.stripe.com/3cI7sKcHZder5I5cFkg7e09,Rendered mobile DOM anchor discovery + safe HTTP target check; no production form submits.,pass,200 https://buy.stripe.com/3cI7sKcHZder5I5cFkg7e09,,,pass,/home/jaden/.openclaw/workspace/Stanley-Systems-Landing-Page/qa/browser-screenshots/021-ai-office-map.png,Rendered mobile DOM anchors
MOB-027,AI Office Map funnel,CTA/link: Get the Free Blueprint,"As a mobile visitor on /ai-office-map, I can tap “Get the Free Blueprint” and go to the intended destination.",Visible tap target has a valid destination; internal HTTP target resolves successfully; tel/mail links remain device handoffs.,/ai-office-map -> /ai-office-blueprint,Rendered mobile DOM anchor discovery + safe HTTP target check; no production form submits.,pass,200 https://stanley-systems.com/ai-office-blueprint,,,pass,/home/jaden/.openclaw/workspace/Stanley-Systems-Landing-Page/qa/browser-screenshots/021-ai-office-map.png,Rendered mobile DOM anchors
MOB-028,AI Office Map funnel,CTA/link: Buy the AI Office Map,"As a mobile visitor on /ai-office-map, I can tap “Buy the AI Office Map” and go to the intended destination.",Visible tap target has a valid destination; internal HTTP target resolves successfully; tel/mail links remain device handoffs.,/ai-office-map -> https://buy.stripe.com/3cI7sKcHZder5I5cFkg7e09,Rendered mobile DOM anchor discovery + safe HTTP target check; no production form submits.,pass,200 https://buy.stripe.com/3cI7sKcHZder5I5cFkg7e09,,,pass,/home/jaden/.openclaw/workspace/Stanley-Systems-Landing-Page/qa/browser-screenshots/021-ai-office-map.png,Rendered mobile DOM anchors
MOB-029,AI Office Map funnel,CTA/link: Privacy Policy,"As a mobile visitor on /ai-office-map, I can tap “Privacy Policy” and go to the intended destination.",Visible tap target has a valid destination; internal HTTP target resolves successfully; tel/mail links remain device handoffs.,/ai-office-map -> /privacy-policy,Rendered mobile DOM anchor discovery + safe HTTP target check; no production form submits.,pass,200 https://stanley-systems.com/privacy-policy,,,pass,/home/jaden/.openclaw/workspace/Stanley-Systems-Landing-Page/qa/browser-screenshots/021-ai-office-map.png,Rendered mobile DOM anchors
MOB-030,AI Office Map funnel,Form/interactive flow: /ai-office-map,"As a mobile visitor, I can see and use the form or interactive flow on /ai-office-map without layout blocking.",Fields/buttons are visible and large enough for mobile; validation should prevent incomplete submissions; production side-effect submissions require explicit approval before live POST testing.,/ai-office-map,"Side-effect-safe render inspection. Found 1 form(s), 44 interactive anchors/buttons. No live POST submission performed.",pass,"{""forms"":[{""inputs"":[{""name"":"""",""type"":""text"",""required"":true,""placeholder"":""Jane Smith""},{""name"":"""",""type"":""text"",""required"":true,""placeholder"":""Company name""},{""name"":"""",""type"":""email"",""required"":true,""placeholder"":""jane@company.com""},{""name"":"""",""type"":""tel"",""required"":false,""placeholder"":""+1 (555) 123-4567""},{""name"":"""",""type"":""text"",""required"":true,""placeholder"":""HVAC, plumbing, marine, electrical, landscaping, etc.""},{""name"":"""",""type"":""textarea"",""required"":true,""placeholder"":""Example: I want to know if this can help with billing prep, estimate follow-up, job notes, or admin handoffs.""},{""name"":"""",""type"":""checkbox"",""required"":false,""placeholder"":""""}],""submits"":[""Send info request""]}]}",,,pass,/home/jaden/.openclaw/workspace/Stanley-Systems-Landing-Page/qa/browser-screenshots/021-ai-office-map.png,Rendered forms/buttons + source fetch calls searched separately
MOB-031,Site page,Mobile page load: /pricing,"As a mobile visitor, I can open /pricing and see usable content without broken rendering.","HTTP 2xx/3xx, no visible app error, no horizontal overflow, meaningful mobile content renders.",/pricing,"Playwright mobile 393x759 route render, console/page-error capture, horizontal-overflow check, first-fold screenshot.",pass,200 title=Pricing | AI Office Map | Stanley Systems h1=Start free. Map the work. Install the first AI office workflow. Keep it running.,,,pass,/home/jaden/.openclaw/workspace/Stanley-Systems-Landing-Page/qa/browser-screenshots/031-pricing.png,app/**/page.tsx + app/sitemap.ts + rendered DOM
MOB-032,Site page,CTA/link: tel:+16179586372,"As a mobile visitor on /pricing, I can tap “tel:+16179586372” and go to the intended destination.",Visible tap target has a valid destination; internal HTTP target resolves successfully; tel/mail links remain device handoffs.,/pricing -> tel:+16179586372,Rendered mobile DOM anchor discovery + safe HTTP target check; no production form submits.,pass,device handoff link present,,,pass,/home/jaden/.openclaw/workspace/Stanley-Systems-Landing-Page/qa/browser-screenshots/031-pricing.png,Rendered mobile DOM anchors
MOB-033,Site page,CTA/link: Start Free,"As a mobile visitor on /pricing, I can tap “Start Free” and go to the intended destination.",Visible tap target has a valid destination; internal HTTP target resolves successfully; tel/mail links remain device handoffs.,/pricing -> /ai-office-blueprint,Rendered mobile DOM anchor discovery + safe HTTP target check; no production form submits.,pass,200 https://stanley-systems.com/ai-office-blueprint,,,pass,/home/jaden/.openclaw/workspace/Stanley-Systems-Landing-Page/qa/browser-screenshots/031-pricing.png,Rendered mobile DOM anchors
MOB-034,Site page,CTA/link: Map,"As a mobile visitor on /pricing, I can tap “Map” and go to the intended destination.",Visible tap target has a valid destination; internal HTTP target resolves successfully; tel/mail links remain device handoffs.,/pricing -> /ai-office-map,Rendered mobile DOM anchor discovery + safe HTTP target check; no production form submits.,pass,200 https://stanley-systems.com/ai-office-map,,,pass,/home/jaden/.openclaw/workspace/Stanley-Systems-Landing-Page/qa/browser-screenshots/031-pricing.png,Rendered mobile DOM anchors
MOB-035,Site page,CTA/link: Stanley Systems,"As a mobile visitor on /pricing, I can tap “Stanley Systems” and go to the intended destination.",Visible tap target has a valid destination; internal HTTP target resolves successfully; tel/mail links remain device handoffs.,/pricing -> /,Rendered mobile DOM anchor discovery + safe HTTP target check; no production form submits.,pass,200 https://stanley-systems.com/,,,pass,/home/jaden/.openclaw/workspace/Stanley-Systems-Landing-Page/qa/browser-screenshots/031-pricing.png,Rendered mobile DOM anchors
MOB-036,Site page,CTA/link: Get the Free Blueprint,"As a mobile visitor on /pricing, I can tap “Get the Free Blueprint” and go to the intended destination.",Visible tap target has a valid destination; internal HTTP target resolves successfully; tel/mail links remain device handoffs.,/pricing -> /ai-office-blueprint,Rendered mobile DOM anchor discovery + safe HTTP target check; no production form submits.,pass,200 https://stanley-systems.com/ai-office-blueprint,,,pass,/home/jaden/.openclaw/workspace/Stanley-Systems-Landing-Page/qa/browser-screenshots/031-pricing.png,Rendered mobile DOM anchors
MOB-037,Site page,CTA/link: Book the AI Office Map,"As a mobile visitor on /pricing, I can tap “Book the AI Office Map” and go to the intended destination.",Visible tap target has a valid destination; internal HTTP target resolves successfully; tel/mail links remain device handoffs.,/pricing -> /ai-office-map,Rendered mobile DOM anchor discovery + safe HTTP target check; no production form submits.,pass,200 https://stanley-systems.com/ai-office-map,,,pass,/home/jaden/.openclaw/workspace/Stanley-Systems-Landing-Page/qa/browser-screenshots/031-pricing.png,Rendered mobile DOM anchors
MOB-038,Site page,CTA/link: See the AI Office Installation Sprint,"As a mobile visitor on /pricing, I can tap “See the AI Office Installation Sprint” and go to the intended destination.",Visible tap target has a valid destination; internal HTTP target resolves successfully; tel/mail links remain device handoffs.,/pricing -> /systems-installation-sprint,Rendered mobile DOM anchor discovery + safe HTTP target check; no production form submits.,pass,200 https://stanley-systems.com/systems-installation-sprint,,,pass,/home/jaden/.openclaw/workspace/Stanley-Systems-Landing-Page/qa/browser-screenshots/031-pricing.png,Rendered mobile DOM anchors
MOB-039,Site page,CTA/link: Ask about AI Office Ops,"As a mobile visitor on /pricing, I can tap “Ask about AI Office Ops” and go to the intended destination.",Visible tap target has a valid destination; internal HTTP target resolves successfully; tel/mail links remain device handoffs.,/pricing -> /contact?path=ai-office-ops,Rendered mobile DOM anchor discovery + safe HTTP target check; no production form submits.,pass,200 https://stanley-systems.com/contact?path=ai-office-ops,,,pass,/home/jaden/.openclaw/workspace/Stanley-Systems-Landing-Page/qa/browser-screenshots/031-pricing.png,Rendered mobile DOM anchors
MOB-040,Site page,Form/interactive flow: /pricing,"As a mobile visitor, I can see and use the form or interactive flow on /pricing without layout blocking.",Fields/buttons are visible and large enough for mobile; validation should prevent incomplete submissions; production side-effect submissions require explicit approval before live POST testing.,/pricing,"Side-effect-safe render inspection. Found 0 form(s), 44 interactive anchors/buttons. No live POST submission performed.",pass,"{""forms"":[]}",,,pass,/home/jaden/.openclaw/workspace/Stanley-Systems-Landing-Page/qa/browser-screenshots/031-pricing.png,Rendered forms/buttons + source fetch calls searched separately
MOB-041,Systems / Sprint,Mobile page load: /systems-installation-sprint,"As a mobile visitor, I can open /systems-installation-sprint and see usable content without broken rendering.","HTTP 2xx/3xx, no visible app error, no horizontal overflow, meaningful mobile content renders.",/systems-installation-sprint,"Playwright mobile 393x759 route render, console/page-error capture, horizontal-overflow check, first-fold screenshot.",pass,200 title=Stanley Systems | AI Office Map h1=Get more done with the team you already have.,,,pass,/home/jaden/.openclaw/workspace/Stanley-Systems-Landing-Page/qa/browser-screenshots/041-systems-installation-sprint.png,app/**/page.tsx + app/sitemap.ts + rendered DOM
MOB-042,Systems / Sprint,CTA/link: tel:+16179586372,"As a mobile visitor on /systems-installation-sprint, I can tap “tel:+16179586372” and go to the intended destination.",Visible tap target has a valid destination; internal HTTP target resolves successfully; tel/mail links remain device handoffs.,/systems-installation-sprint -> tel:+16179586372,Rendered mobile DOM anchor discovery + safe HTTP target check; no production form submits.,pass,device handoff link present,,,pass,/home/jaden/.openclaw/workspace/Stanley-Systems-Landing-Page/qa/browser-screenshots/041-systems-installation-sprint.png,Rendered mobile DOM anchors
MOB-043,Systems / Sprint,CTA/link: Start Free,"As a mobile visitor on /systems-installation-sprint, I can tap “Start Free” and go to the intended destination.",Visible tap target has a valid destination; internal HTTP target resolves successfully; tel/mail links remain device handoffs.,/systems-installation-sprint -> /ai-office-blueprint,Rendered mobile DOM anchor discovery + safe HTTP target check; no production form submits.,pass,200 https://stanley-systems.com/ai-office-blueprint,,,pass,/home/jaden/.openclaw/workspace/Stanley-Systems-Landing-Page/qa/browser-screenshots/041-systems-installation-sprint.png,Rendered mobile DOM anchors
MOB-044,Systems / Sprint,CTA/link: Map,"As a mobile visitor on /systems-installation-sprint, I can tap “Map” and go to the intended destination.",Visible tap target has a valid destination; internal HTTP target resolves successfully; tel/mail links remain device handoffs.,/systems-installation-sprint -> /ai-office-map,Rendered mobile DOM anchor discovery + safe HTTP target check; no production form submits.,pass,200 https://stanley-systems.com/ai-office-map,,,pass,/home/jaden/.openclaw/workspace/Stanley-Systems-Landing-Page/qa/browser-screenshots/041-systems-installation-sprint.png,Rendered mobile DOM anchors
MOB-045,Systems / Sprint,CTA/link: Stanley Systems,"As a mobile visitor on /systems-installation-sprint, I can tap “Stanley Systems” and go to the intended destination.",Visible tap target has a valid destination; internal HTTP target resolves successfully; tel/mail links remain device handoffs.,/systems-installation-sprint -> /,Rendered mobile DOM anchor discovery + safe HTTP target check; no production form submits.,pass,200 https://stanley-systems.com/,,,pass,/home/jaden/.openclaw/workspace/Stanley-Systems-Landing-Page/qa/browser-screenshots/041-systems-installation-sprint.png,Rendered mobile DOM anchors
MOB-046,Systems / Sprint,"CTA/link: Compare Map, Sprint, and Ops","As a mobile visitor on /systems-installation-sprint, I can tap “Compare Map, Sprint, and Ops” and go to the intended destination.",Visible tap target has a valid destination; internal HTTP target resolves successfully; tel/mail links remain device handoffs.,/systems-installation-sprint -> /pricing,Rendered mobile DOM anchor discovery + safe HTTP target check; no production form submits.,pass,200 https://stanley-systems.com/pricing,,,pass,/home/jaden/.openclaw/workspace/Stanley-Systems-Landing-Page/qa/browser-screenshots/041-systems-installation-sprint.png,Rendered mobile DOM anchors
MOB-047,Systems / Sprint,CTA/link: Privacy Policy,"As a mobile visitor on /systems-installation-sprint, I can tap “Privacy Policy” and go to the intended destination.",Visible tap target has a valid destination; internal HTTP target resolves successfully; tel/mail links remain device handoffs.,/systems-installation-sprint -> /privacy-policy,Rendered mobile DOM anchor discovery + safe HTTP target check; no production form submits.,pass,200 https://stanley-systems.com/privacy-policy,,,pass,/home/jaden/.openclaw/workspace/Stanley-Systems-Landing-Page/qa/browser-screenshots/041-systems-installation-sprint.png,Rendered mobile DOM anchors
MOB-048,Systems / Sprint,CTA/link: Terms,"As a mobile visitor on /systems-installation-sprint, I can tap “Terms” and go to the intended destination.",Visible tap target has a valid destination; internal HTTP target resolves successfully; tel/mail links remain device handoffs.,/systems-installation-sprint -> /terms-and-conditions,Rendered mobile DOM anchor discovery + safe HTTP target check; no production form submits.,pass,200 https://stanley-systems.com/terms-and-conditions,,,pass,/home/jaden/.openclaw/workspace/Stanley-Systems-Landing-Page/qa/browser-screenshots/041-systems-installation-sprint.png,Rendered mobile DOM anchors
MOB-049,Systems / Sprint,CTA/link: AI Office Map,"As a mobile visitor on /systems-installation-sprint, I can tap “AI Office Map” and go to the intended destination.",Visible tap target has a valid destination; internal HTTP target resolves successfully; tel/mail links remain device handoffs.,/systems-installation-sprint -> /ai-office-map,Rendered mobile DOM anchor discovery + safe HTTP target check; no production form submits.,pass,200 https://stanley-systems.com/ai-office-map,,,pass,/home/jaden/.openclaw/workspace/Stanley-Systems-Landing-Page/qa/browser-screenshots/041-systems-installation-sprint.png,Rendered mobile DOM anchors
MOB-050,Systems / Sprint,Form/interactive flow: /systems-installation-sprint,"As a mobile visitor, I can see and use the form or interactive flow on /systems-installation-sprint without layout blocking.",Fields/buttons are visible and large enough for mobile; validation should prevent incomplete submissions; production side-effect submissions require explicit approval before live POST testing.,/systems-installation-sprint,"Side-effect-safe render inspection. Found 1 form(s), 43 interactive anchors/buttons. No live POST submission performed.",pass,"{""forms"":[{""inputs"":[{""name"":"""",""type"":""text"",""required"":true,""placeholder"":""Jane Smith""},{""name"":"""",""type"":""text"",""required"":true,""placeholder"":""Company name""},{""name"":"""",""type"":""email"",""required"":true,""placeholder"":""jane@company.com""},{""name"":"""",""type"":""tel"",""required"":false,""placeholder"":""+1 (555) 123-4567""},{""name"":"""",""type"":""text"",""required"":true,""placeholder"":""HVAC, plumbing, marine, electrical, landscaping, etc.""},{""name"":"""",""type"":""textarea"",""required"":true,""placeholder"":""Example: make finished jobs billing-ready faster, clean up estimate follow-up, summarize job notes, or route admin tasks to the right person.""},{""name"":"""",""type"":""checkbox"",""required"":true,""placeholder"":""""}],""submits"":[""Start the Sprint conversation""]}]}",,,pass,/home/jaden/.openclaw/workspace/Stanley-Systems-Landing-Page/qa/browser-screenshots/041-systems-installation-sprint.png,Rendered forms/buttons + source fetch calls searched separately
MOB-051,Site page,Mobile page load: /contact,"As a mobile visitor, I can open /contact and see usable content without broken rendering.","HTTP 2xx/3xx, no visible app error, no horizontal overflow, meaningful mobile content renders.",/contact,"Playwright mobile 393x759 route render, console/page-error capture, horizontal-overflow check, first-fold screenshot.",pass,200 title=Stanley Systems | AI Office Map h1=Not sure if you need another admin or a better office workflow?,,,pass,/home/jaden/.openclaw/workspace/Stanley-Systems-Landing-Page/qa/browser-screenshots/051-contact.png,app/**/page.tsx + app/sitemap.ts + rendered DOM
MOB-052,Site page,CTA/link: tel:+16179586372,"As a mobile visitor on /contact, I can tap “tel:+16179586372” and go to the intended destination.",Visible tap target has a valid destination; internal HTTP target resolves successfully; tel/mail links remain device handoffs.,/contact -> tel:+16179586372,Rendered mobile DOM anchor discovery + safe HTTP target check; no production form submits.,pass,device handoff link present,,,pass,/home/jaden/.openclaw/workspace/Stanley-Systems-Landing-Page/qa/browser-screenshots/051-contact.png,Rendered mobile DOM anchors
MOB-053,Site page,CTA/link: Start Free,"As a mobile visitor on /contact, I can tap “Start Free” and go to the intended destination.",Visible tap target has a valid destination; internal HTTP target resolves successfully; tel/mail links remain device handoffs.,/contact -> /ai-office-blueprint,Rendered mobile DOM anchor discovery + safe HTTP target check; no production form submits.,pass,200 https://stanley-systems.com/ai-office-blueprint,,,pass,/home/jaden/.openclaw/workspace/Stanley-Systems-Landing-Page/qa/browser-screenshots/051-contact.png,Rendered mobile DOM anchors
MOB-054,Site page,CTA/link: Map,"As a mobile visitor on /contact, I can tap “Map” and go to the intended destination.",Visible tap target has a valid destination; internal HTTP target resolves successfully; tel/mail links remain device handoffs.,/contact -> /ai-office-map,Rendered mobile DOM anchor discovery + safe HTTP target check; no production form submits.,pass,200 https://stanley-systems.com/ai-office-map,,,pass,/home/jaden/.openclaw/workspace/Stanley-Systems-Landing-Page/qa/browser-screenshots/051-contact.png,Rendered mobile DOM anchors
MOB-055,Site page,CTA/link: Stanley Systems,"As a mobile visitor on /contact, I can tap “Stanley Systems” and go to the intended destination.",Visible tap target has a valid destination; internal HTTP target resolves successfully; tel/mail links remain device handoffs.,/contact -> /,Rendered mobile DOM anchor discovery + safe HTTP target check; no production form submits.,pass,200 https://stanley-systems.com/,,,pass,/home/jaden/.openclaw/workspace/Stanley-Systems-Landing-Page/qa/browser-screenshots/051-contact.png,Rendered mobile DOM anchors
MOB-056,Site page,CTA/link: jaden@stanley-systems.com,"As a mobile visitor on /contact, I can tap “jaden@stanley-systems.com” and go to the intended destination.",Visible tap target has a valid destination; internal HTTP target resolves successfully; tel/mail links remain device handoffs.,/contact -> mailto:jaden@stanley-systems.com,Rendered mobile DOM anchor discovery + safe HTTP target check; no production form submits.,pass,device handoff link present,,,pass,/home/jaden/.openclaw/workspace/Stanley-Systems-Landing-Page/qa/browser-screenshots/051-contact.png,Rendered mobile DOM anchors
MOB-057,Site page,CTA/link: +1 (617) 958-6372,"As a mobile visitor on /contact, I can tap “+1 (617) 958-6372” and go to the intended destination.",Visible tap target has a valid destination; internal HTTP target resolves successfully; tel/mail links remain device handoffs.,/contact -> tel:+16179586372,Rendered mobile DOM anchor discovery + safe HTTP target check; no production form submits.,pass,device handoff link present,,,pass,/home/jaden/.openclaw/workspace/Stanley-Systems-Landing-Page/qa/browser-screenshots/051-contact.png,Rendered mobile DOM anchors
MOB-058,Site page,CTA/link: Privacy Policy,"As a mobile visitor on /contact, I can tap “Privacy Policy” and go to the intended destination.",Visible tap target has a valid destination; internal HTTP target resolves successfully; tel/mail links remain device handoffs.,/contact -> /privacy-policy,Rendered mobile DOM anchor discovery + safe HTTP target check; no production form submits.,pass,200 https://stanley-systems.com/privacy-policy,,,pass,/home/jaden/.openclaw/workspace/Stanley-Systems-Landing-Page/qa/browser-screenshots/051-contact.png,Rendered mobile DOM anchors
MOB-059,Site page,CTA/link: Terms and Conditions,"As a mobile visitor on /contact, I can tap “Terms and Conditions” and go to the intended destination.",Visible tap target has a valid destination; internal HTTP target resolves successfully; tel/mail links remain device handoffs.,/contact -> /terms-and-conditions,Rendered mobile DOM anchor discovery + safe HTTP target check; no production form submits.,pass,200 https://stanley-systems.com/terms-and-conditions,,,pass,/home/jaden/.openclaw/workspace/Stanley-Systems-Landing-Page/qa/browser-screenshots/051-contact.png,Rendered mobile DOM anchors
MOB-060,Site page,Form/interactive flow: /contact,"As a mobile visitor, I can see and use the form or interactive flow on /contact without layout blocking.",Fields/buttons are visible and large enough for mobile; validation should prevent incomplete submissions; production side-effect submissions require explicit approval before live POST testing.,/contact,"Side-effect-safe render inspection. Found 1 form(s), 45 interactive anchors/buttons. No live POST submission performed.",pass,"{""forms"":[{""inputs"":[{""name"":""name"",""type"":""text"",""required"":true,""placeholder"":""Jane Smith""},{""name"":""company"",""type"":""text"",""required"":true,""placeholder"":""Your business name""},{""name"":""email"",""type"":""email"",""required"":true,""placeholder"":""jane@company.com""},{""name"":""phone"",""type"":""tel"",""required"":false,""placeholder"":""+1 (555) 123-4567""},{""name"":""businessType"",""type"":""text"",""required"":true,""placeholder"":""HVAC, plumbing, marine, electrical, landscaping, etc.""},{""name"":""bottleneck"",""type"":""select"",""required"":true,""placeholder"":""""},{""name"":""invoiceDelay"",""type"":""text"",""required"":false,""placeholder"":""Same day, 2 days later, weekly batch, when someone has time, etc.""},{""name"":""currentProcess"",""type"":""textarea"",""required"":true,""placeholder"":""Walk through what happens now, from the first call or message to the next handoff.""},{""name"":""problem"",""type"":""textarea"",""required"":true,""placeholder"":""Describe where follow-up, billing, paperwork, or office work keeps getting slowed down.""},{""name"":"""",""",,,pass,/home/jaden/.openclaw/workspace/Stanley-Systems-Landing-Page/qa/browser-screenshots/051-contact.png,Rendered forms/buttons + source fetch calls searched separately
MOB-061,Calculator,Mobile page load: /invoicing-delay-cash-flow-calculator,"As a mobile visitor, I can open /invoicing-delay-cash-flow-calculator and see usable content without broken rendering.","HTTP 2xx/3xx, no visible app error, no horizontal overflow, meaningful mobile content renders.",/invoicing-delay-cash-flow-calculator,"Playwright mobile 393x759 route render, console/page-error capture, horizontal-overflow check, first-fold screenshot.",pass,200 title=Admin Drag Calculator | Stanley Systems h1=Admin Drag Calculator,,,pass,/home/jaden/.openclaw/workspace/Stanley-Systems-Landing-Page/qa/browser-screenshots/061-invoicing-delay-cash-flow-calculator.png,app/**/page.tsx + app/sitemap.ts + rendered DOM
MOB-062,Calculator,CTA/link: Back to site,"As a mobile visitor on /invoicing-delay-cash-flow-calculator, I can tap “Back to site” and go to the intended destination.",Visible tap target has a valid destination; internal HTTP target resolves successfully; tel/mail links remain device handoffs.,/invoicing-delay-cash-flow-calculator -> /,Rendered mobile DOM anchor discovery + safe HTTP target check; no production form submits.,pass,200 https://stanley-systems.com/,,,pass,/home/jaden/.openclaw/workspace/Stanley-Systems-Landing-Page/qa/browser-screenshots/061-invoicing-delay-cash-flow-calculator.png,Rendered mobile DOM anchors
MOB-063,Calculator,Form/interactive flow: /invoicing-delay-cash-flow-calculator,"As a mobile visitor, I can see and use the form or interactive flow on /invoicing-delay-cash-flow-calculator without layout blocking.",Fields/buttons are visible and large enough for mobile; validation should prevent incomplete submissions; production side-effect submissions require explicit approval before live POST testing.,/invoicing-delay-cash-flow-calculator,"Side-effect-safe render inspection. Found 0 form(s), 2 interactive anchors/buttons. No live POST submission performed.",pass,"{""forms"":[]}",,,pass,/home/jaden/.openclaw/workspace/Stanley-Systems-Landing-Page/qa/browser-screenshots/061-invoicing-delay-cash-flow-calculator.png,Rendered forms/buttons + source fetch calls searched separately
MOB-064,Portal,Mobile page load: /login,"As a mobile visitor, I can open /login and see usable content without broken rendering.","HTTP 2xx/3xx, no visible app error, no horizontal overflow, meaningful mobile content renders.",/login,"Playwright mobile 393x759 route render, console/page-error capture, horizontal-overflow check, first-fold screenshot.",pass,200 title=Stanley Systems | AI Office Map h1=Company Brain access for service-business teams.,,,pass,/home/jaden/.openclaw/workspace/Stanley-Systems-Landing-Page/qa/browser-screenshots/064-login.png,app/**/page.tsx + app/sitemap.ts + rendered DOM
MOB-065,Portal,CTA/link: Stanley Systems,"As a mobile visitor on /login, I can tap “Stanley Systems” and go to the intended destination.",Visible tap target has a valid destination; internal HTTP target resolves successfully; tel/mail links remain device handoffs.,/login -> /,Rendered mobile DOM anchor discovery + safe HTTP target check; no production form submits.,pass,200 https://stanley-systems.com/,,,pass,/home/jaden/.openclaw/workspace/Stanley-Systems-Landing-Page/qa/browser-screenshots/064-login.png,Rendered mobile DOM anchors
MOB-066,Portal,CTA/link: Back to site,"As a mobile visitor on /login, I can tap “Back to site” and go to the intended destination.",Visible tap target has a valid destination; internal HTTP target resolves successfully; tel/mail links remain device handoffs.,/login -> /,Rendered mobile DOM anchor discovery + safe HTTP target check; no production form submits.,pass,200 https://stanley-systems.com/,,,pass,/home/jaden/.openclaw/workspace/Stanley-Systems-Landing-Page/qa/browser-screenshots/064-login.png,Rendered mobile DOM anchors
MOB-067,Portal,Form/interactive flow: /login,"As a mobile visitor, I can see and use the form or interactive flow on /login without layout blocking.",Fields/buttons are visible and large enough for mobile; validation should prevent incomplete submissions; production side-effect submissions require explicit approval before live POST testing.,/login,"Side-effect-safe render inspection. Found 1 form(s), 3 interactive anchors/buttons. No live POST submission performed.",pass,"{""forms"":[{""inputs"":[{""name"":"""",""type"":""select"",""required"":false,""placeholder"":""""},{""name"":"""",""type"":""email"",""required"":false,""placeholder"":""""},{""name"":"""",""type"":""password"",""required"":false,""placeholder"":""""}],""submits"":[""Sign in to Company Brain""]}]}",,,pass,/home/jaden/.openclaw/workspace/Stanley-Systems-Landing-Page/qa/browser-screenshots/064-login.png,Rendered forms/buttons + source fetch calls searched separately
MOB-068,Portal,Mobile page load: /portal,"As a mobile visitor, I can open /portal and see usable content without broken rendering.","HTTP 2xx/3xx, no visible app error, no horizontal overflow, meaningful mobile content renders.",/portal,"Playwright mobile 393x759 route render, console/page-error capture, horizontal-overflow check, first-fold screenshot.",pass,200 title=Stanley Systems | AI Office Map h1=Company Brain access for service-business teams.,,,pass,/home/jaden/.openclaw/workspace/Stanley-Systems-Landing-Page/qa/browser-screenshots/068-portal.png,app/**/page.tsx + app/sitemap.ts + rendered DOM
MOB-069,Portal,CTA/link: Stanley Systems,"As a mobile visitor on /portal, I can tap “Stanley Systems” and go to the intended destination.",Visible tap target has a valid destination; internal HTTP target resolves successfully; tel/mail links remain device handoffs.,/portal -> /,Rendered mobile DOM anchor discovery + safe HTTP target check; no production form submits.,pass,200 https://stanley-systems.com/,,,pass,/home/jaden/.openclaw/workspace/Stanley-Systems-Landing-Page/qa/browser-screenshots/068-portal.png,Rendered mobile DOM anchors
MOB-070,Portal,CTA/link: Back to site,"As a mobile visitor on /portal, I can tap “Back to site” and go to the intended destination.",Visible tap target has a valid destination; internal HTTP target resolves successfully; tel/mail links remain device handoffs.,/portal -> /,Rendered mobile DOM anchor discovery + safe HTTP target check; no production form submits.,pass,200 https://stanley-systems.com/,,,pass,/home/jaden/.openclaw/workspace/Stanley-Systems-Landing-Page/qa/browser-screenshots/068-portal.png,Rendered mobile DOM anchors
MOB-071,Portal,Form/interactive flow: /portal,"As a mobile visitor, I can see and use the form or interactive flow on /portal without layout blocking.",Fields/buttons are visible and large enough for mobile; validation should prevent incomplete submissions; production side-effect submissions require explicit approval before live POST testing.,/portal,"Side-effect-safe render inspection. Found 1 form(s), 3 interactive anchors/buttons. No live POST submission performed.",pass,"{""forms"":[{""inputs"":[{""name"":"""",""type"":""select"",""required"":false,""placeholder"":""""},{""name"":"""",""type"":""email"",""required"":false,""placeholder"":""""},{""name"":"""",""type"":""password"",""required"":false,""placeholder"":""""}],""submits"":[""Sign in to Company Brain""]}]}",,,pass,/home/jaden/.openclaw/workspace/Stanley-Systems-Landing-Page/qa/browser-screenshots/068-portal.png,Rendered forms/buttons + source fetch calls searched separately
MOB-072,Site page,Mobile page load: /404,"As a mobile visitor, I can open /404 and see usable content without broken rendering.","HTTP 2xx/3xx, no visible app error, no horizontal overflow, meaningful mobile content renders.",/404,"Playwright mobile 393x759 route render, console/page-error capture, horizontal-overflow check, first-fold screenshot.",pass,404 title=Stanley Systems | AI Office Map h1=Looks like this page moved or never existed.,,,pass,/home/jaden/.openclaw/workspace/Stanley-Systems-Landing-Page/qa/browser-screenshots/072-404.png,app/**/page.tsx + app/sitemap.ts + rendered DOM
MOB-073,Site page,CTA/link: tel:+16179586372,"As a mobile visitor on /404, I can tap “tel:+16179586372” and go to the intended destination.",Visible tap target has a valid destination; internal HTTP target resolves successfully; tel/mail links remain device handoffs.,/404 -> tel:+16179586372,Rendered mobile DOM anchor discovery + safe HTTP target check; no production form submits.,pass,device handoff link present,,,pass,/home/jaden/.openclaw/workspace/Stanley-Systems-Landing-Page/qa/browser-screenshots/072-404.png,Rendered mobile DOM anchors
MOB-074,Site page,CTA/link: Start Free,"As a mobile visitor on /404, I can tap “Start Free” and go to the intended destination.",Visible tap target has a valid destination; internal HTTP target resolves successfully; tel/mail links remain device handoffs.,/404 -> /ai-office-blueprint,Rendered mobile DOM anchor discovery + safe HTTP target check; no production form submits.,pass,200 https://stanley-systems.com/ai-office-blueprint,,,pass,/home/jaden/.openclaw/workspace/Stanley-Systems-Landing-Page/qa/browser-screenshots/072-404.png,Rendered mobile DOM anchors
MOB-075,Site page,CTA/link: Map,"As a mobile visitor on /404, I can tap “Map” and go to the intended destination.",Visible tap target has a valid destination; internal HTTP target resolves successfully; tel/mail links remain device handoffs.,/404 -> /ai-office-map,Rendered mobile DOM anchor discovery + safe HTTP target check; no production form submits.,pass,200 https://stanley-systems.com/ai-office-map,,,pass,/home/jaden/.openclaw/workspace/Stanley-Systems-Landing-Page/qa/browser-screenshots/072-404.png,Rendered mobile DOM anchors
MOB-076,Site page,CTA/link: Stanley Systems,"As a mobile visitor on /404, I can tap “Stanley Systems” and go to the intended destination.",Visible tap target has a valid destination; internal HTTP target resolves successfully; tel/mail links remain device handoffs.,/404 -> /,Rendered mobile DOM anchor discovery + safe HTTP target check; no production form submits.,pass,200 https://stanley-systems.com/,,,pass,/home/jaden/.openclaw/workspace/Stanley-Systems-Landing-Page/qa/browser-screenshots/072-404.png,Rendered mobile DOM anchors
MOB-077,Site page,CTA/link: Back to homepage,"As a mobile visitor on /404, I can tap “Back to homepage” and go to the intended destination.",Visible tap target has a valid destination; internal HTTP target resolves successfully; tel/mail links remain device handoffs.,/404 -> /,Rendered mobile DOM anchor discovery + safe HTTP target check; no production form submits.,pass,200 https://stanley-systems.com/,,,pass,/home/jaden/.openclaw/workspace/Stanley-Systems-Landing-Page/qa/browser-screenshots/072-404.png,Rendered mobile DOM anchors
MOB-078,Site page,CTA/link: Contact Stanley Systems,"As a mobile visitor on /404, I can tap “Contact Stanley Systems” and go to the intended destination.",Visible tap target has a valid destination; internal HTTP target resolves successfully; tel/mail links remain device handoffs.,/404 -> /contact,Rendered mobile DOM anchor discovery + safe HTTP target check; no production form submits.,pass,200 https://stanley-systems.com/contact,,,pass,/home/jaden/.openclaw/workspace/Stanley-Systems-Landing-Page/qa/browser-screenshots/072-404.png,Rendered mobile DOM anchors
MOB-079,Site page,CTA/link: View blog,"As a mobile visitor on /404, I can tap “View blog” and go to the intended destination.",Visible tap target has a valid destination; internal HTTP target resolves successfully; tel/mail links remain device handoffs.,/404 -> /blog,Rendered mobile DOM anchor discovery + safe HTTP target check; no production form submits.,pass,200 https://stanley-systems.com/blog,,,pass,/home/jaden/.openclaw/workspace/Stanley-Systems-Landing-Page/qa/browser-screenshots/072-404.png,Rendered mobile DOM anchors
MOB-080,Site page,CTA/link: AI Office Map,"As a mobile visitor on /404, I can tap “AI Office Map” and go to the intended destination.",Visible tap target has a valid destination; internal HTTP target resolves successfully; tel/mail links remain device handoffs.,/404 -> /ai-office-map,Rendered mobile DOM anchor discovery + safe HTTP target check; no production form submits.,pass,200 https://stanley-systems.com/ai-office-map,,,pass,/home/jaden/.openclaw/workspace/Stanley-Systems-Landing-Page/qa/browser-screenshots/072-404.png,Rendered mobile DOM anchors
MOB-081,Site page,Form/interactive flow: /404,"As a mobile visitor, I can see and use the form or interactive flow on /404 without layout blocking.",Fields/buttons are visible and large enough for mobile; validation should prevent incomplete submissions; production side-effect submissions require explicit approval before live POST testing.,/404,"Side-effect-safe render inspection. Found 0 form(s), 41 interactive anchors/buttons. No live POST submission performed.",pass,"{""forms"":[]}",,,pass,/home/jaden/.openclaw/workspace/Stanley-Systems-Landing-Page/qa/browser-screenshots/072-404.png,Rendered forms/buttons + source fetch calls searched separately
MOB-082,Site page,Mobile page load: /about,"As a mobile visitor, I can open /about and see usable content without broken rendering.","HTTP 2xx/3xx, no visible app error, no horizontal overflow, meaningful mobile content renders.",/about,"Playwright mobile 393x759 route render, console/page-error capture, horizontal-overflow check, first-fold screenshot.",pass,200 title=Stanley Systems | AI Office Map h1=Home-service companies do good field work. Profit gets slowed down in office drag.,,,pass,/home/jaden/.openclaw/workspace/Stanley-Systems-Landing-Page/qa/browser-screenshots/082-about.png,app/**/page.tsx + app/sitemap.ts + rendered DOM
MOB-083,Site page,CTA/link: tel:+16179586372,"As a mobile visitor on /about, I can tap “tel:+16179586372” and go to the intended destination.",Visible tap target has a valid destination; internal HTTP target resolves successfully; tel/mail links remain device handoffs.,/about -> tel:+16179586372,Rendered mobile DOM anchor discovery + safe HTTP target check; no production form submits.,pass,device handoff link present,,,pass,/home/jaden/.openclaw/workspace/Stanley-Systems-Landing-Page/qa/browser-screenshots/082-about.png,Rendered mobile DOM anchors
MOB-084,Site page,CTA/link: Start Free,"As a mobile visitor on /about, I can tap “Start Free” and go to the intended destination.",Visible tap target has a valid destination; internal HTTP target resolves successfully; tel/mail links remain device handoffs.,/about -> /ai-office-blueprint,Rendered mobile DOM anchor discovery + safe HTTP target check; no production form submits.,pass,200 https://stanley-systems.com/ai-office-blueprint,,,pass,/home/jaden/.openclaw/workspace/Stanley-Systems-Landing-Page/qa/browser-screenshots/082-about.png,Rendered mobile DOM anchors
MOB-085,Site page,CTA/link: Map,"As a mobile visitor on /about, I can tap “Map” and go to the intended destination.",Visible tap target has a valid destination; internal HTTP target resolves successfully; tel/mail links remain device handoffs.,/about -> /ai-office-map,Rendered mobile DOM anchor discovery + safe HTTP target check; no production form submits.,pass,200 https://stanley-systems.com/ai-office-map,,,pass,/home/jaden/.openclaw/workspace/Stanley-Systems-Landing-Page/qa/browser-screenshots/082-about.png,Rendered mobile DOM anchors
MOB-086,Site page,CTA/link: Stanley Systems,"As a mobile visitor on /about, I can tap “Stanley Systems” and go to the intended destination.",Visible tap target has a valid destination; internal HTTP target resolves successfully; tel/mail links remain device handoffs.,/about -> /,Rendered mobile DOM anchor discovery + safe HTTP target check; no production form submits.,pass,200 https://stanley-systems.com/,,,pass,/home/jaden/.openclaw/workspace/Stanley-Systems-Landing-Page/qa/browser-screenshots/082-about.png,Rendered mobile DOM anchors
MOB-087,Site page,CTA/link: Book the AI Office Map,"As a mobile visitor on /about, I can tap “Book the AI Office Map” and go to the intended destination.",Visible tap target has a valid destination; internal HTTP target resolves successfully; tel/mail links remain device handoffs.,/about -> /ai-office-map,Rendered mobile DOM anchor discovery + safe HTTP target check; no production form submits.,pass,200 https://stanley-systems.com/ai-office-map,,,pass,/home/jaden/.openclaw/workspace/Stanley-Systems-Landing-Page/qa/browser-screenshots/082-about.png,Rendered mobile DOM anchors
MOB-088,Site page,CTA/link: Calculate Your Admin Drag,"As a mobile visitor on /about, I can tap “Calculate Your Admin Drag” and go to the intended destination.",Visible tap target has a valid destination; internal HTTP target resolves successfully; tel/mail links remain device handoffs.,/about -> /invoicing-delay-cash-flow-calculator,Rendered mobile DOM anchor discovery + safe HTTP target check; no production form submits.,pass,200 https://stanley-systems.com/invoicing-delay-cash-flow-calculator,,,pass,/home/jaden/.openclaw/workspace/Stanley-Systems-Landing-Page/qa/browser-screenshots/082-about.png,Rendered mobile DOM anchors
MOB-089,Site page,CTA/link: AI Office Map,"As a mobile visitor on /about, I can tap “AI Office Map” and go to the intended destination.",Visible tap target has a valid destination; internal HTTP target resolves successfully; tel/mail links remain device handoffs.,/about -> /ai-office-map,Rendered mobile DOM anchor discovery + safe HTTP target check; no production form submits.,pass,200 https://stanley-systems.com/ai-office-map,,,pass,/home/jaden/.openclaw/workspace/Stanley-Systems-Landing-Page/qa/browser-screenshots/082-about.png,Rendered mobile DOM anchors
MOB-090,Site page,CTA/link: Free AI Office Blueprint,"As a mobile visitor on /about, I can tap “Free AI Office Blueprint” and go to the intended destination.",Visible tap target has a valid destination; internal HTTP target resolves successfully; tel/mail links remain device handoffs.,/about -> /ai-office-blueprint,Rendered mobile DOM anchor discovery + safe HTTP target check; no production form submits.,pass,200 https://stanley-systems.com/ai-office-blueprint,,,pass,/home/jaden/.openclaw/workspace/Stanley-Systems-Landing-Page/qa/browser-screenshots/082-about.png,Rendered mobile DOM anchors
MOB-091,Site page,Form/interactive flow: /about,"As a mobile visitor, I can see and use the form or interactive flow on /about without layout blocking.",Fields/buttons are visible and large enough for mobile; validation should prevent incomplete submissions; production side-effect submissions require explicit approval before live POST testing.,/about,"Side-effect-safe render inspection. Found 0 form(s), 40 interactive anchors/buttons. No live POST submission performed.",pass,"{""forms"":[]}",,,pass,/home/jaden/.openclaw/workspace/Stanley-Systems-Landing-Page/qa/browser-screenshots/082-about.png,Rendered forms/buttons + source fetch calls searched separately
MOB-092,Machine-readable docs,Mobile page load: /about.md,"As a mobile visitor, I can open /about.md and see usable content without broken rendering.","HTTP 2xx/3xx, no visible app error, no horizontal overflow, meaningful mobile content renders.",/about.md,"Playwright mobile 393x759 route render, console/page-error capture, horizontal-overflow check, first-fold screenshot.",pass,200 title=(none) h1=(none),,,pass,/home/jaden/.openclaw/workspace/Stanley-Systems-Landing-Page/qa/browser-screenshots/092-about_md.png,app/**/page.tsx + app/sitemap.ts + rendered DOM
MOB-093,Blueprint funnel,Mobile page load: /ai-office-blueprint.md,"As a mobile visitor, I can open /ai-office-blueprint.md and see usable content without broken rendering.","HTTP 2xx/3xx, no visible app error, no horizontal overflow, meaningful mobile content renders.",/ai-office-blueprint.md,"Playwright mobile 393x759 route render, console/page-error capture, horizontal-overflow check, first-fold screenshot.",pass,200 title=(none) h1=(none),,,pass,/home/jaden/.openclaw/workspace/Stanley-Systems-Landing-Page/qa/browser-screenshots/093-ai-office-blueprint_md.png,app/**/page.tsx + app/sitemap.ts + rendered DOM
MOB-094,Blueprint funnel,Mobile page load: /ai-office-blueprint/sample,"As a mobile visitor, I can open /ai-office-blueprint/sample and see usable content without broken rendering.","HTTP 2xx/3xx, no visible app error, no horizontal overflow, meaningful mobile content renders.",/ai-office-blueprint/sample,"Playwright mobile 393x759 route render, console/page-error capture, horizontal-overflow check, first-fold screenshot.",pass,"200 title=Free AI Office Blueprint | Stanley Systems h1=Get the Free
AI Office Blueprint",,,pass,/home/jaden/.openclaw/workspace/Stanley-Systems-Landing-Page/qa/browser-screenshots/094-ai-office-blueprint__sample.png,app/**/page.tsx + app/sitemap.ts + rendered DOM
MOB-095,Blueprint funnel,CTA/link: tel:+16179586372,"As a mobile visitor on /ai-office-blueprint/sample, I can tap “tel:+16179586372” and go to the intended destination.",Visible tap target has a valid destination; internal HTTP target resolves successfully; tel/mail links remain device handoffs.,/ai-office-blueprint/sample -> tel:+16179586372,Rendered mobile DOM anchor discovery + safe HTTP target check; no production form submits.,pass,device handoff link present,,,pass,/home/jaden/.openclaw/workspace/Stanley-Systems-Landing-Page/qa/browser-screenshots/094-ai-office-blueprint__sample.png,Rendered mobile DOM anchors
MOB-096,Blueprint funnel,CTA/link: Start Free,"As a mobile visitor on /ai-office-blueprint/sample, I can tap “Start Free” and go to the intended destination.",Visible tap target has a valid destination; internal HTTP target resolves successfully; tel/mail links remain device handoffs.,/ai-office-blueprint/sample -> /ai-office-blueprint,Rendered mobile DOM anchor discovery + safe HTTP target check; no production form submits.,pass,200 https://stanley-systems.com/ai-office-blueprint,,,pass,/home/jaden/.openclaw/workspace/Stanley-Systems-Landing-Page/qa/browser-screenshots/094-ai-office-blueprint__sample.png,Rendered mobile DOM anchors
MOB-097,Blueprint funnel,CTA/link: Map,"As a mobile visitor on /ai-office-blueprint/sample, I can tap “Map” and go to the intended destination.",Visible tap target has a valid destination; internal HTTP target resolves successfully; tel/mail links remain device handoffs.,/ai-office-blueprint/sample -> /ai-office-map,Rendered mobile DOM anchor discovery + safe HTTP target check; no production form submits.,pass,200 https://stanley-systems.com/ai-office-map,,,pass,/home/jaden/.openclaw/workspace/Stanley-Systems-Landing-Page/qa/browser-screenshots/094-ai-office-blueprint__sample.png,Rendered mobile DOM anchors
MOB-098,Blueprint funnel,CTA/link: Stanley Systems,"As a mobile visitor on /ai-office-blueprint/sample, I can tap “Stanley Systems” and go to the intended destination.",Visible tap target has a valid destination; internal HTTP target resolves successfully; tel/mail links remain device handoffs.,/ai-office-blueprint/sample -> /,Rendered mobile DOM anchor discovery + safe HTTP target check; no production form submits.,pass,200 https://stanley-systems.com/,,,pass,/home/jaden/.openclaw/workspace/Stanley-Systems-Landing-Page/qa/browser-screenshots/094-ai-office-blueprint__sample.png,Rendered mobile DOM anchors
MOB-099,Blueprint funnel,CTA/link: Get the AI Office Map,"As a mobile visitor on /ai-office-blueprint/sample, I can tap “Get the AI Office Map” and go to the intended destination.",Visible tap target has a valid destination; internal HTTP target resolves successfully; tel/mail links remain device handoffs.,/ai-office-blueprint/sample -> /ai-office-map,Rendered mobile DOM anchor discovery + safe HTTP target check; no production form submits.,pass,200 https://stanley-systems.com/ai-office-map,,,pass,/home/jaden/.openclaw/workspace/Stanley-Systems-Landing-Page/qa/browser-screenshots/094-ai-office-blueprint__sample.png,Rendered mobile DOM anchors
MOB-100,Blueprint funnel,CTA/link: Need the full Map instead?,"As a mobile visitor on /ai-office-blueprint/sample, I can tap “Need the full Map instead?” and go to the intended destination.",Visible tap target has a valid destination; internal HTTP target resolves successfully; tel/mail links remain device handoffs.,/ai-office-blueprint/sample -> /ai-office-map,Rendered mobile DOM anchor discovery + safe HTTP target check; no production form submits.,pass,200 https://stanley-systems.com/ai-office-map,,,pass,/home/jaden/.openclaw/workspace/Stanley-Systems-Landing-Page/qa/browser-screenshots/094-ai-office-blueprint__sample.png,Rendered mobile DOM anchors
MOB-101,Blueprint funnel,CTA/link: AI Office Map,"As a mobile visitor on /ai-office-blueprint/sample, I can tap “AI Office Map” and go to the intended destination.",Visible tap target has a valid destination; internal HTTP target resolves successfully; tel/mail links remain device handoffs.,/ai-office-blueprint/sample -> /ai-office-map,Rendered mobile DOM anchor discovery + safe HTTP target check; no production form submits.,pass,200 https://stanley-systems.com/ai-office-map,,,pass,/home/jaden/.openclaw/workspace/Stanley-Systems-Landing-Page/qa/browser-screenshots/094-ai-office-blueprint__sample.png,Rendered mobile DOM anchors
MOB-102,Blueprint funnel,CTA/link: Free AI Office Blueprint,"As a mobile visitor on /ai-office-blueprint/sample, I can tap “Free AI Office Blueprint” and go to the intended destination.",Visible tap target has a valid destination; internal HTTP target resolves successfully; tel/mail links remain device handoffs.,/ai-office-blueprint/sample -> /ai-office-blueprint,Rendered mobile DOM anchor discovery + safe HTTP target check; no production form submits.,pass,200 https://stanley-systems.com/ai-office-blueprint,,,pass,/home/jaden/.openclaw/workspace/Stanley-Systems-Landing-Page/qa/browser-screenshots/094-ai-office-blueprint__sample.png,Rendered mobile DOM anchors
MOB-103,Blueprint funnel,Form/interactive flow: /ai-office-blueprint/sample,"As a mobile visitor, I can see and use the form or interactive flow on /ai-office-blueprint/sample without layout blocking.",Fields/buttons are visible and large enough for mobile; validation should prevent incomplete submissions; production side-effect submissions require explicit approval before live POST testing.,/ai-office-blueprint/sample,"Side-effect-safe render inspection. Found 0 form(s), 45 interactive anchors/buttons. No live POST submission performed.",pass,"{""forms"":[]}",,,pass,/home/jaden/.openclaw/workspace/Stanley-Systems-Landing-Page/qa/browser-screenshots/094-ai-office-blueprint__sample.png,Rendered forms/buttons + source fetch calls searched separately
MOB-104,AI Office Map funnel,Mobile page load: /ai-office-map.md,"As a mobile visitor, I can open /ai-office-map.md and see usable content without broken rendering.","HTTP 2xx/3xx, no visible app error, no horizontal overflow, meaningful mobile content renders.",/ai-office-map.md,"Playwright mobile 393x759 route render, console/page-error capture, horizontal-overflow check, first-fold screenshot.",pass,200 title=(none) h1=(none),,,pass,/home/jaden/.openclaw/workspace/Stanley-Systems-Landing-Page/qa/browser-screenshots/104-ai-office-map_md.png,app/**/page.tsx + app/sitemap.ts + rendered DOM
MOB-105,Site page,Mobile page load: /audit-intake,"As a mobile visitor, I can open /audit-intake and see usable content without broken rendering.","HTTP 2xx/3xx, no visible app error, no horizontal overflow, meaningful mobile content renders.",/audit-intake,"Playwright mobile 393x759 route render, console/page-error capture, horizontal-overflow check, first-fold screenshot.",pass,200 title=AI Office Map Intake | Stanley Systems h1=Send the work details before the AI Office Map session.,,,pass,/home/jaden/.openclaw/workspace/Stanley-Systems-Landing-Page/qa/browser-screenshots/105-audit-intake.png,app/**/page.tsx + app/sitemap.ts + rendered DOM
MOB-106,Site page,CTA/link: tel:+16179586372,"As a mobile visitor on /audit-intake, I can tap “tel:+16179586372” and go to the intended destination.",Visible tap target has a valid destination; internal HTTP target resolves successfully; tel/mail links remain device handoffs.,/audit-intake -> tel:+16179586372,Rendered mobile DOM anchor discovery + safe HTTP target check; no production form submits.,pass,device handoff link present,,,pass,/home/jaden/.openclaw/workspace/Stanley-Systems-Landing-Page/qa/browser-screenshots/105-audit-intake.png,Rendered mobile DOM anchors
MOB-107,Site page,CTA/link: Start Free,"As a mobile visitor on /audit-intake, I can tap “Start Free” and go to the intended destination.",Visible tap target has a valid destination; internal HTTP target resolves successfully; tel/mail links remain device handoffs.,/audit-intake -> /ai-office-blueprint,Rendered mobile DOM anchor discovery + safe HTTP target check; no production form submits.,pass,200 https://stanley-systems.com/ai-office-blueprint,,,pass,/home/jaden/.openclaw/workspace/Stanley-Systems-Landing-Page/qa/browser-screenshots/105-audit-intake.png,Rendered mobile DOM anchors
MOB-108,Site page,CTA/link: Map,"As a mobile visitor on /audit-intake, I can tap “Map” and go to the intended destination.",Visible tap target has a valid destination; internal HTTP target resolves successfully; tel/mail links remain device handoffs.,/audit-intake -> /ai-office-map,Rendered mobile DOM anchor discovery + safe HTTP target check; no production form submits.,pass,200 https://stanley-systems.com/ai-office-map,,,pass,/home/jaden/.openclaw/workspace/Stanley-Systems-Landing-Page/qa/browser-screenshots/105-audit-intake.png,Rendered mobile DOM anchors
MOB-109,Site page,CTA/link: Stanley Systems,"As a mobile visitor on /audit-intake, I can tap “Stanley Systems” and go to the intended destination.",Visible tap target has a valid destination; internal HTTP target resolves successfully; tel/mail links remain device handoffs.,/audit-intake -> /,Rendered mobile DOM anchor discovery + safe HTTP target check; no production form submits.,pass,200 https://stanley-systems.com/,,,pass,/home/jaden/.openclaw/workspace/Stanley-Systems-Landing-Page/qa/browser-screenshots/105-audit-intake.png,Rendered mobile DOM anchors
MOB-110,Site page,CTA/link: Email intake instead,"As a mobile visitor on /audit-intake, I can tap “Email intake instead” and go to the intended destination.",Visible tap target has a valid destination; internal HTTP target resolves successfully; tel/mail links remain device handoffs.,/audit-intake -> mailto:jaden@stanley-systems.com?subject=AI%20Office%20Map%20intake&body=Name%3A%0AEmail%3A%0APhone%3A%0A%0ABusiness%20type%3A%0AField%2Fjob%2FCRM%2Fdispatch%2Fshop%20system%3A%0AAccounting%2Fbilling%2Finvoice%2Fpayment%20system%3A%0ARough%20monthly%20volume%3A%0A%0AWho%20handles%20billing%20or%20follow-up%3A%0AWhere%20work%20gets%20stuck%3A%0AInvoice%20timing%20after%20job%20completion%3A%0AEstimate%20follow-up%20issue%3A%0A%0AGoogle%20reviews%20now%3A%0AReferrals%20tracked%20now%3A%0APreferred%20review%20method%3A%0AAnything%20else%3A,Rendered mobile DOM anchor discovery + safe HTTP target check; no production form submits.,pass,device handoff link present,,,pass,/home/jaden/.openclaw/workspace/Stanley-Systems-Landing-Page/qa/browser-screenshots/105-audit-intake.png,Rendered mobile DOM anchors
MOB-111,Site page,CTA/link: AI Office Map,"As a mobile visitor on /audit-intake, I can tap “AI Office Map” and go to the intended destination.",Visible tap target has a valid destination; internal HTTP target resolves successfully; tel/mail links remain device handoffs.,/audit-intake -> /ai-office-map,Rendered mobile DOM anchor discovery + safe HTTP target check; no production form submits.,pass,200 https://stanley-systems.com/ai-office-map,,,pass,/home/jaden/.openclaw/workspace/Stanley-Systems-Landing-Page/qa/browser-screenshots/105-audit-intake.png,Rendered mobile DOM anchors
MOB-112,Site page,CTA/link: Free AI Office Blueprint,"As a mobile visitor on /audit-intake, I can tap “Free AI Office Blueprint” and go to the intended destination.",Visible tap target has a valid destination; internal HTTP target resolves successfully; tel/mail links remain device handoffs.,/audit-intake -> /ai-office-blueprint,Rendered mobile DOM anchor discovery + safe HTTP target check; no production form submits.,pass,200 https://stanley-systems.com/ai-office-blueprint,,,pass,/home/jaden/.openclaw/workspace/Stanley-Systems-Landing-Page/qa/browser-screenshots/105-audit-intake.png,Rendered mobile DOM anchors
MOB-113,Site page,CTA/link: AI Office Installation Sprint,"As a mobile visitor on /audit-intake, I can tap “AI Office Installation Sprint” and go to the intended destination.",Visible tap target has a valid destination; internal HTTP target resolves successfully; tel/mail links remain device handoffs.,/audit-intake -> /systems-installation-sprint,Rendered mobile DOM anchor discovery + safe HTTP target check; no production form submits.,pass,200 https://stanley-systems.com/systems-installation-sprint,,,pass,/home/jaden/.openclaw/workspace/Stanley-Systems-Landing-Page/qa/browser-screenshots/105-audit-intake.png,Rendered mobile DOM anchors
MOB-114,Site page,Form/interactive flow: /audit-intake,"As a mobile visitor, I can see and use the form or interactive flow on /audit-intake without layout blocking.",Fields/buttons are visible and large enough for mobile; validation should prevent incomplete submissions; production side-effect submissions require explicit approval before live POST testing.,/audit-intake,"Side-effect-safe render inspection. Found 1 form(s), 40 interactive anchors/buttons. No live POST submission performed.",pass,"{""forms"":[{""inputs"":[{""name"":""name"",""type"":""input"",""required"":true,""placeholder"":""""},{""name"":""email"",""type"":""email"",""required"":true,""placeholder"":""""},{""name"":""phone"",""type"":""tel"",""required"":true,""placeholder"":""""},{""name"":""business"",""type"":""input"",""required"":true,""placeholder"":""""},{""name"":""businessType"",""type"":""input"",""required"":false,""placeholder"":""HVAC, plumbing, marine, roofing...""},{""name"":""moneyStuck"",""type"":""textarea"",""required"":true,""placeholder"":""Late invoices, open balances, missed reviews, old customers going quiet...""},{""name"":""workflowContext"",""type"":""textarea"",""required"":true,""placeholder"":""Tools used, who handles billing, invoice timing, review/referral process, preferred access method...""}],""submits"":[""Send Assessment Intake""]}]}",,,pass,/home/jaden/.openclaw/workspace/Stanley-Systems-Landing-Page/qa/browser-screenshots/105-audit-intake.png,Rendered forms/buttons + source fetch calls searched separately
MOB-115,Site page,Mobile page load: /audit-started,"As a mobile visitor, I can open /audit-started and see usable content without broken rendering.","HTTP 2xx/3xx, no visible app error, no horizontal overflow, meaningful mobile content renders.",/audit-started,"Playwright mobile 393x759 route render, console/page-error capture, horizontal-overflow check, first-fold screenshot.",pass,200 title=AI Office Map Started | Stanley Systems h1=Your AI Office Map is paid. Complete the intake next.,,,pass,/home/jaden/.openclaw/workspace/Stanley-Systems-Landing-Page/qa/browser-screenshots/115-audit-started.png,app/**/page.tsx + app/sitemap.ts + rendered DOM
MOB-116,Site page,CTA/link: tel:+16179586372,"As a mobile visitor on /audit-started, I can tap “tel:+16179586372” and go to the intended destination.",Visible tap target has a valid destination; internal HTTP target resolves successfully; tel/mail links remain device handoffs.,/audit-started -> tel:+16179586372,Rendered mobile DOM anchor discovery + safe HTTP target check; no production form submits.,pass,device handoff link present,,,pass,/home/jaden/.openclaw/workspace/Stanley-Systems-Landing-Page/qa/browser-screenshots/115-audit-started.png,Rendered mobile DOM anchors
MOB-117,Site page,CTA/link: Start Free,"As a mobile visitor on /audit-started, I can tap “Start Free” and go to the intended destination.",Visible tap target has a valid destination; internal HTTP target resolves successfully; tel/mail links remain device handoffs.,/audit-started -> /ai-office-blueprint,Rendered mobile DOM anchor discovery + safe HTTP target check; no production form submits.,pass,200 https://stanley-systems.com/ai-office-blueprint,,,pass,/home/jaden/.openclaw/workspace/Stanley-Systems-Landing-Page/qa/browser-screenshots/115-audit-started.png,Rendered mobile DOM anchors
MOB-118,Site page,CTA/link: Map,"As a mobile visitor on /audit-started, I can tap “Map” and go to the intended destination.",Visible tap target has a valid destination; internal HTTP target resolves successfully; tel/mail links remain device handoffs.,/audit-started -> /ai-office-map,Rendered mobile DOM anchor discovery + safe HTTP target check; no production form submits.,pass,200 https://stanley-systems.com/ai-office-map,,,pass,/home/jaden/.openclaw/workspace/Stanley-Systems-Landing-Page/qa/browser-screenshots/115-audit-started.png,Rendered mobile DOM anchors
MOB-119,Site page,CTA/link: Stanley Systems,"As a mobile visitor on /audit-started, I can tap “Stanley Systems” and go to the intended destination.",Visible tap target has a valid destination; internal HTTP target resolves successfully; tel/mail links remain device handoffs.,/audit-started -> /,Rendered mobile DOM anchor discovery + safe HTTP target check; no production form submits.,pass,200 https://stanley-systems.com/,,,pass,/home/jaden/.openclaw/workspace/Stanley-Systems-Landing-Page/qa/browser-screenshots/115-audit-started.png,Rendered mobile DOM anchors
MOB-120,Site page,CTA/link: Complete AI Office Map intake,"As a mobile visitor on /audit-started, I can tap “Complete AI Office Map intake” and go to the intended destination.",Visible tap target has a valid destination; internal HTTP target resolves successfully; tel/mail links remain device handoffs.,/audit-started -> /audit-intake,Rendered mobile DOM anchor discovery + safe HTTP target check; no production form submits.,pass,200 https://stanley-systems.com/audit-intake,,,pass,/home/jaden/.openclaw/workspace/Stanley-Systems-Landing-Page/qa/browser-screenshots/115-audit-started.png,Rendered mobile DOM anchors
MOB-121,Site page,CTA/link: Send me the booking link by email,"As a mobile visitor on /audit-started, I can tap “Send me the booking link by email” and go to the intended destination.",Visible tap target has a valid destination; internal HTTP target resolves successfully; tel/mail links remain device handoffs.,/audit-started -> mailto:jaden@stanley-systems.com?subject=AI%20Office%20Map%20booking%20link,Rendered mobile DOM anchor discovery + safe HTTP target check; no production form submits.,pass,device handoff link present,,,pass,/home/jaden/.openclaw/workspace/Stanley-Systems-Landing-Page/qa/browser-screenshots/115-audit-started.png,Rendered mobile DOM anchors
MOB-122,Site page,CTA/link: AI Office Map,"As a mobile visitor on /audit-started, I can tap “AI Office Map” and go to the intended destination.",Visible tap target has a valid destination; internal HTTP target resolves successfully; tel/mail links remain device handoffs.,/audit-started -> /ai-office-map,Rendered mobile DOM anchor discovery + safe HTTP target check; no production form submits.,pass,200 https://stanley-systems.com/ai-office-map,,,pass,/home/jaden/.openclaw/workspace/Stanley-Systems-Landing-Page/qa/browser-screenshots/115-audit-started.png,Rendered mobile DOM anchors
MOB-123,Site page,CTA/link: Free AI Office Blueprint,"As a mobile visitor on /audit-started, I can tap “Free AI Office Blueprint” and go to the intended destination.",Visible tap target has a valid destination; internal HTTP target resolves successfully; tel/mail links remain device handoffs.,/audit-started -> /ai-office-blueprint,Rendered mobile DOM anchor discovery + safe HTTP target check; no production form submits.,pass,200 https://stanley-systems.com/ai-office-blueprint,,,pass,/home/jaden/.openclaw/workspace/Stanley-Systems-Landing-Page/qa/browser-screenshots/115-audit-started.png,Rendered mobile DOM anchors
MOB-124,Site page,Form/interactive flow: /audit-started,"As a mobile visitor, I can see and use the form or interactive flow on /audit-started without layout blocking.",Fields/buttons are visible and large enough for mobile; validation should prevent incomplete submissions; production side-effect submissions require explicit approval before live POST testing.,/audit-started,"Side-effect-safe render inspection. Found 0 form(s), 40 interactive anchors/buttons. No live POST submission performed.",pass,"{""forms"":[]}",,,pass,/home/jaden/.openclaw/workspace/Stanley-Systems-Landing-Page/qa/browser-screenshots/115-audit-started.png,Rendered forms/buttons + source fetch calls searched separately
MOB-125,Content / SEO pages,Mobile page load: /blog,"As a mobile visitor, I can open /blog and see usable content without broken rendering.","HTTP 2xx/3xx, no visible app error, no horizontal overflow, meaningful mobile content renders.",/blog,"Playwright mobile 393x759 route render, console/page-error capture, horizontal-overflow check, first-fold screenshot.",pass,"200 title=Stanley Systems | AI Office Map h1=Plain-English fixes for billing delays, handoffs, and missed follow-up.",,,pass,/home/jaden/.openclaw/workspace/Stanley-Systems-Landing-Page/qa/browser-screenshots/125-blog.png,app/**/page.tsx + app/sitemap.ts + rendered DOM
MOB-126,Content / SEO pages,CTA/link: tel:+16179586372,"As a mobile visitor on /blog, I can tap “tel:+16179586372” and go to the intended destination.",Visible tap target has a valid destination; internal HTTP target resolves successfully; tel/mail links remain device handoffs.,/blog -> tel:+16179586372,Rendered mobile DOM anchor discovery + safe HTTP target check; no production form submits.,pass,device handoff link present,,,pass,/home/jaden/.openclaw/workspace/Stanley-Systems-Landing-Page/qa/browser-screenshots/125-blog.png,Rendered mobile DOM anchors
MOB-127,Content / SEO pages,CTA/link: Start Free,"As a mobile visitor on /blog, I can tap “Start Free” and go to the intended destination.",Visible tap target has a valid destination; internal HTTP target resolves successfully; tel/mail links remain device handoffs.,/blog -> /ai-office-blueprint,Rendered mobile DOM anchor discovery + safe HTTP target check; no production form submits.,pass,200 https://stanley-systems.com/ai-office-blueprint,,,pass,/home/jaden/.openclaw/workspace/Stanley-Systems-Landing-Page/qa/browser-screenshots/125-blog.png,Rendered mobile DOM anchors
MOB-128,Content / SEO pages,CTA/link: Map,"As a mobile visitor on /blog, I can tap “Map” and go to the intended destination.",Visible tap target has a valid destination; internal HTTP target resolves successfully; tel/mail links remain device handoffs.,/blog -> /ai-office-map,Rendered mobile DOM anchor discovery + safe HTTP target check; no production form submits.,pass,200 https://stanley-systems.com/ai-office-map,,,pass,/home/jaden/.openclaw/workspace/Stanley-Systems-Landing-Page/qa/browser-screenshots/125-blog.png,Rendered mobile DOM anchors
MOB-129,Content / SEO pages,CTA/link: Stanley Systems,"As a mobile visitor on /blog, I can tap “Stanley Systems” and go to the intended destination.",Visible tap target has a valid destination; internal HTTP target resolves successfully; tel/mail links remain device handoffs.,/blog -> /,Rendered mobile DOM anchor discovery + safe HTTP target check; no production form submits.,pass,200 https://stanley-systems.com/,,,pass,/home/jaden/.openclaw/workspace/Stanley-Systems-Landing-Page/qa/browser-screenshots/125-blog.png,Rendered mobile DOM anchors
MOB-130,Content / SEO pages,CTA/link: Read article,"As a mobile visitor on /blog, I can tap “Read article” and go to the intended destination.",Visible tap target has a valid destination; internal HTTP target resolves successfully; tel/mail links remain device handoffs.,/blog -> /blog/why-the-plumber-waits-3-weeks-to-get-paid,Rendered mobile DOM anchor discovery + safe HTTP target check; no production form submits.,pass,200 https://stanley-systems.com/blog/why-the-plumber-waits-3-weeks-to-get-paid,,,pass,/home/jaden/.openclaw/workspace/Stanley-Systems-Landing-Page/qa/browser-screenshots/125-blog.png,Rendered mobile DOM anchors
MOB-131,Content / SEO pages,CTA/link: Book the AI Office Map,"As a mobile visitor on /blog, I can tap “Book the AI Office Map” and go to the intended destination.",Visible tap target has a valid destination; internal HTTP target resolves successfully; tel/mail links remain device handoffs.,/blog -> /ai-office-map,Rendered mobile DOM anchor discovery + safe HTTP target check; no production form submits.,pass,200 https://stanley-systems.com/ai-office-map,,,pass,/home/jaden/.openclaw/workspace/Stanley-Systems-Landing-Page/qa/browser-screenshots/125-blog.png,Rendered mobile DOM anchors
MOB-132,Content / SEO pages,CTA/link: Read article,"As a mobile visitor on /blog, I can tap “Read article” and go to the intended destination.",Visible tap target has a valid destination; internal HTTP target resolves successfully; tel/mail links remain device handoffs.,/blog -> /blog/the-estimate-that-went-cold-and-the-4000-job,Rendered mobile DOM anchor discovery + safe HTTP target check; no production form submits.,pass,200 https://stanley-systems.com/blog/the-estimate-that-went-cold-and-the-4000-job,,,pass,/home/jaden/.openclaw/workspace/Stanley-Systems-Landing-Page/qa/browser-screenshots/125-blog.png,Rendered mobile DOM anchors
MOB-133,Content / SEO pages,CTA/link: Read article,"As a mobile visitor on /blog, I can tap “Read article” and go to the intended destination.",Visible tap target has a valid destination; internal HTTP target resolves successfully; tel/mail links remain device handoffs.,/blog -> /blog/real-cost-of-slow-invoicing-service-business,Rendered mobile DOM anchor discovery + safe HTTP target check; no production form submits.,pass,200 https://stanley-systems.com/blog/real-cost-of-slow-invoicing-service-business,,,pass,/home/jaden/.openclaw/workspace/Stanley-Systems-Landing-Page/qa/browser-screenshots/125-blog.png,Rendered mobile DOM anchors
MOB-134,Content / SEO pages,Form/interactive flow: /blog,"As a mobile visitor, I can see and use the form or interactive flow on /blog without layout blocking.",Fields/buttons are visible and large enough for mobile; validation should prevent incomplete submissions; production side-effect submissions require explicit approval before live POST testing.,/blog,"Side-effect-safe render inspection. Found 0 form(s), 44 interactive anchors/buttons. No live POST submission performed.",pass,"{""forms"":[]}",,,pass,/home/jaden/.openclaw/workspace/Stanley-Systems-Landing-Page/qa/browser-screenshots/125-blog.png,Rendered forms/buttons + source fetch calls searched separately
MOB-135,Content / SEO pages,Mobile page load: /blog/real-cost-of-slow-invoicing-service-business,"As a mobile visitor, I can open /blog/real-cost-of-slow-invoicing-service-business and see usable content without broken rendering.","HTTP 2xx/3xx, no visible app error, no horizontal overflow, meaningful mobile content renders.",/blog/real-cost-of-slow-invoicing-service-business,"Playwright mobile 393x759 route render, console/page-error capture, horizontal-overflow check, first-fold screenshot.",pass,200 title=The Real Cost of Slow Invoicing in a Service Business | Stanley Systems h1=The real cost of slow invoicing in a service business,,,pass,/home/jaden/.openclaw/workspace/Stanley-Systems-Landing-Page/qa/browser-screenshots/135-blog__real-cost-of-slow-invoicing-service-business.png,app/**/page.tsx + app/sitemap.ts + rendered DOM
MOB-136,Content / SEO pages,CTA/link: tel:+16179586372,"As a mobile visitor on /blog/real-cost-of-slow-invoicing-service-business, I can tap “tel:+16179586372” and go to the intended destination.",Visible tap target has a valid destination; internal HTTP target resolves successfully; tel/mail links remain device handoffs.,/blog/real-cost-of-slow-invoicing-service-business -> tel:+16179586372,Rendered mobile DOM anchor discovery + safe HTTP target check; no production form submits.,pass,device handoff link present,,,pass,/home/jaden/.openclaw/workspace/Stanley-Systems-Landing-Page/qa/browser-screenshots/135-blog__real-cost-of-slow-invoicing-service-business.png,Rendered mobile DOM anchors
MOB-137,Content / SEO pages,CTA/link: Start Free,"As a mobile visitor on /blog/real-cost-of-slow-invoicing-service-business, I can tap “Start Free” and go to the intended destination.",Visible tap target has a valid destination; internal HTTP target resolves successfully; tel/mail links remain device handoffs.,/blog/real-cost-of-slow-invoicing-service-business -> /ai-office-blueprint,Rendered mobile DOM anchor discovery + safe HTTP target check; no production form submits.,pass,200 https://stanley-systems.com/ai-office-blueprint,,,pass,/home/jaden/.openclaw/workspace/Stanley-Systems-Landing-Page/qa/browser-screenshots/135-blog__real-cost-of-slow-invoicing-service-business.png,Rendered mobile DOM anchors
MOB-138,Content / SEO pages,CTA/link: Map,"As a mobile visitor on /blog/real-cost-of-slow-invoicing-service-business, I can tap “Map” and go to the intended destination.",Visible tap target has a valid destination; internal HTTP target resolves successfully; tel/mail links remain device handoffs.,/blog/real-cost-of-slow-invoicing-service-business -> /ai-office-map,Rendered mobile DOM anchor discovery + safe HTTP target check; no production form submits.,pass,200 https://stanley-systems.com/ai-office-map,,,pass,/home/jaden/.openclaw/workspace/Stanley-Systems-Landing-Page/qa/browser-screenshots/135-blog__real-cost-of-slow-invoicing-service-business.png,Rendered mobile DOM anchors
MOB-139,Content / SEO pages,CTA/link: Stanley Systems,"As a mobile visitor on /blog/real-cost-of-slow-invoicing-service-business, I can tap “Stanley Systems” and go to the intended destination.",Visible tap target has a valid destination; internal HTTP target resolves successfully; tel/mail links remain device handoffs.,/blog/real-cost-of-slow-invoicing-service-business -> /,Rendered mobile DOM anchor discovery + safe HTTP target check; no production form submits.,pass,200 https://stanley-systems.com/,,,pass,/home/jaden/.openclaw/workspace/Stanley-Systems-Landing-Page/qa/browser-screenshots/135-blog__real-cost-of-slow-invoicing-service-business.png,Rendered mobile DOM anchors
MOB-140,Content / SEO pages,CTA/link: Back to articles,"As a mobile visitor on /blog/real-cost-of-slow-invoicing-service-business, I can tap “Back to articles” and go to the intended destination.",Visible tap target has a valid destination; internal HTTP target resolves successfully; tel/mail links remain device handoffs.,/blog/real-cost-of-slow-invoicing-service-business -> /blog,Rendered mobile DOM anchor discovery + safe HTTP target check; no production form submits.,pass,200 https://stanley-systems.com/blog,,,pass,/home/jaden/.openclaw/workspace/Stanley-Systems-Landing-Page/qa/browser-screenshots/135-blog__real-cost-of-slow-invoicing-service-business.png,Rendered mobile DOM anchors
MOB-141,Content / SEO pages,CTA/link: See pricing,"As a mobile visitor on /blog/real-cost-of-slow-invoicing-service-business, I can tap “See pricing” and go to the intended destination.",Visible tap target has a valid destination; internal HTTP target resolves successfully; tel/mail links remain device handoffs.,/blog/real-cost-of-slow-invoicing-service-business -> /pricing,Rendered mobile DOM anchor discovery + safe HTTP target check; no production form submits.,pass,200 https://stanley-systems.com/pricing,,,pass,/home/jaden/.openclaw/workspace/Stanley-Systems-Landing-Page/qa/browser-screenshots/135-blog__real-cost-of-slow-invoicing-service-business.png,Rendered mobile DOM anchors
MOB-142,Content / SEO pages,CTA/link: AI Office Map,"As a mobile visitor on /blog/real-cost-of-slow-invoicing-service-business, I can tap “AI Office Map” and go to the intended destination.",Visible tap target has a valid destination; internal HTTP target resolves successfully; tel/mail links remain device handoffs.,/blog/real-cost-of-slow-invoicing-service-business -> /ai-office-map,Rendered mobile DOM anchor discovery + safe HTTP target check; no production form submits.,pass,200 https://stanley-systems.com/ai-office-map,,,pass,/home/jaden/.openclaw/workspace/Stanley-Systems-Landing-Page/qa/browser-screenshots/135-blog__real-cost-of-slow-invoicing-service-business.png,Rendered mobile DOM anchors
MOB-143,Content / SEO pages,CTA/link: Free AI Office Blueprint,"As a mobile visitor on /blog/real-cost-of-slow-invoicing-service-business, I can tap “Free AI Office Blueprint” and go to the intended destination.",Visible tap target has a valid destination; internal HTTP target resolves successfully; tel/mail links remain device handoffs.,/blog/real-cost-of-slow-invoicing-service-business -> /ai-office-blueprint,Rendered mobile DOM anchor discovery + safe HTTP target check; no production form submits.,pass,200 https://stanley-systems.com/ai-office-blueprint,,,pass,/home/jaden/.openclaw/workspace/Stanley-Systems-Landing-Page/qa/browser-screenshots/135-blog__real-cost-of-slow-invoicing-service-business.png,Rendered mobile DOM anchors
MOB-144,Content / SEO pages,Form/interactive flow: /blog/real-cost-of-slow-invoicing-service-business,"As a mobile visitor, I can see and use the form or interactive flow on /blog/real-cost-of-slow-invoicing-service-business without layout blocking.",Fields/buttons are visible and large enough for mobile; validation should prevent incomplete submissions; production side-effect submissions require explicit approval before live POST testing.,/blog/real-cost-of-slow-invoicing-service-business,"Side-effect-safe render inspection. Found 0 form(s), 40 interactive anchors/buttons. No live POST submission performed.",pass,"{""forms"":[]}",,,pass,/home/jaden/.openclaw/workspace/Stanley-Systems-Landing-Page/qa/browser-screenshots/135-blog__real-cost-of-slow-invoicing-service-business.png,Rendered forms/buttons + source fetch calls searched separately
MOB-145,Content / SEO pages,Mobile page load: /blog/the-estimate-that-went-cold-and-the-4000-job,"As a mobile visitor, I can open /blog/the-estimate-that-went-cold-and-the-4000-job and see usable content without broken rendering.","HTTP 2xx/3xx, no visible app error, no horizontal overflow, meaningful mobile content renders.",/blog/the-estimate-that-went-cold-and-the-4000-job,"Playwright mobile 393x759 route render, console/page-error capture, horizontal-overflow check, first-fold screenshot.",pass,"200 title=The Estimate That Went Cold and the $4,000 Job | Stanley Systems h1=The estimate that went cold (and the $4,000 job that went with it)",,,pass,/home/jaden/.openclaw/workspace/Stanley-Systems-Landing-Page/qa/browser-screenshots/145-blog__the-estimate-that-went-cold-and-the-4000-job.png,app/**/page.tsx + app/sitemap.ts + rendered DOM
MOB-146,Content / SEO pages,CTA/link: tel:+16179586372,"As a mobile visitor on /blog/the-estimate-that-went-cold-and-the-4000-job, I can tap “tel:+16179586372” and go to the intended destination.",Visible tap target has a valid destination; internal HTTP target resolves successfully; tel/mail links remain device handoffs.,/blog/the-estimate-that-went-cold-and-the-4000-job -> tel:+16179586372,Rendered mobile DOM anchor discovery + safe HTTP target check; no production form submits.,pass,device handoff link present,,,pass,/home/jaden/.openclaw/workspace/Stanley-Systems-Landing-Page/qa/browser-screenshots/145-blog__the-estimate-that-went-cold-and-the-4000-job.png,Rendered mobile DOM anchors
MOB-147,Content / SEO pages,CTA/link: Start Free,"As a mobile visitor on /blog/the-estimate-that-went-cold-and-the-4000-job, I can tap “Start Free” and go to the intended destination.",Visible tap target has a valid destination; internal HTTP target resolves successfully; tel/mail links remain device handoffs.,/blog/the-estimate-that-went-cold-and-the-4000-job -> /ai-office-blueprint,Rendered mobile DOM anchor discovery + safe HTTP target check; no production form submits.,pass,200 https://stanley-systems.com/ai-office-blueprint,,,pass,/home/jaden/.openclaw/workspace/Stanley-Systems-Landing-Page/qa/browser-screenshots/145-blog__the-estimate-that-went-cold-and-the-4000-job.png,Rendered mobile DOM anchors
MOB-148,Content / SEO pages,CTA/link: Map,"As a mobile visitor on /blog/the-estimate-that-went-cold-and-the-4000-job, I can tap “Map” and go to the intended destination.",Visible tap target has a valid destination; internal HTTP target resolves successfully; tel/mail links remain device handoffs.,/blog/the-estimate-that-went-cold-and-the-4000-job -> /ai-office-map,Rendered mobile DOM anchor discovery + safe HTTP target check; no production form submits.,pass,200 https://stanley-systems.com/ai-office-map,,,pass,/home/jaden/.openclaw/workspace/Stanley-Systems-Landing-Page/qa/browser-screenshots/145-blog__the-estimate-that-went-cold-and-the-4000-job.png,Rendered mobile DOM anchors
MOB-149,Content / SEO pages,CTA/link: Stanley Systems,"As a mobile visitor on /blog/the-estimate-that-went-cold-and-the-4000-job, I can tap “Stanley Systems” and go to the intended destination.",Visible tap target has a valid destination; internal HTTP target resolves successfully; tel/mail links remain device handoffs.,/blog/the-estimate-that-went-cold-and-the-4000-job -> /,Rendered mobile DOM anchor discovery + safe HTTP target check; no production form submits.,pass,200 https://stanley-systems.com/,,,pass,/home/jaden/.openclaw/workspace/Stanley-Systems-Landing-Page/qa/browser-screenshots/145-blog__the-estimate-that-went-cold-and-the-4000-job.png,Rendered mobile DOM anchors
MOB-150,Content / SEO pages,CTA/link: Back to articles,"As a mobile visitor on /blog/the-estimate-that-went-cold-and-the-4000-job, I can tap “Back to articles” and go to the intended destination.",Visible tap target has a valid destination; internal HTTP target resolves successfully; tel/mail links remain device handoffs.,/blog/the-estimate-that-went-cold-and-the-4000-job -> /blog,Rendered mobile DOM anchor discovery + safe HTTP target check; no production form submits.,pass,200 https://stanley-systems.com/blog,,,pass,/home/jaden/.openclaw/workspace/Stanley-Systems-Landing-Page/qa/browser-screenshots/145-blog__the-estimate-that-went-cold-and-the-4000-job.png,Rendered mobile DOM anchors
MOB-151,Content / SEO pages,CTA/link: See pricing,"As a mobile visitor on /blog/the-estimate-that-went-cold-and-the-4000-job, I can tap “See pricing” and go to the intended destination.",Visible tap target has a valid destination; internal HTTP target resolves successfully; tel/mail links remain device handoffs.,/blog/the-estimate-that-went-cold-and-the-4000-job -> /pricing,Rendered mobile DOM anchor discovery + safe HTTP target check; no production form submits.,pass,200 https://stanley-systems.com/pricing,,,pass,/home/jaden/.openclaw/workspace/Stanley-Systems-Landing-Page/qa/browser-screenshots/145-blog__the-estimate-that-went-cold-and-the-4000-job.png,Rendered mobile DOM anchors
MOB-152,Content / SEO pages,CTA/link: AI Office Map,"As a mobile visitor on /blog/the-estimate-that-went-cold-and-the-4000-job, I can tap “AI Office Map” and go to the intended destination.",Visible tap target has a valid destination; internal HTTP target resolves successfully; tel/mail links remain device handoffs.,/blog/the-estimate-that-went-cold-and-the-4000-job -> /ai-office-map,Rendered mobile DOM anchor discovery + safe HTTP target check; no production form submits.,pass,200 https://stanley-systems.com/ai-office-map,,,pass,/home/jaden/.openclaw/workspace/Stanley-Systems-Landing-Page/qa/browser-screenshots/145-blog__the-estimate-that-went-cold-and-the-4000-job.png,Rendered mobile DOM anchors
MOB-153,Content / SEO pages,CTA/link: Free AI Office Blueprint,"As a mobile visitor on /blog/the-estimate-that-went-cold-and-the-4000-job, I can tap “Free AI Office Blueprint” and go to the intended destination.",Visible tap target has a valid destination; internal HTTP target resolves successfully; tel/mail links remain device handoffs.,/blog/the-estimate-that-went-cold-and-the-4000-job -> /ai-office-blueprint,Rendered mobile DOM anchor discovery + safe HTTP target check; no production form submits.,pass,200 https://stanley-systems.com/ai-office-blueprint,,,pass,/home/jaden/.openclaw/workspace/Stanley-Systems-Landing-Page/qa/browser-screenshots/145-blog__the-estimate-that-went-cold-and-the-4000-job.png,Rendered mobile DOM anchors
MOB-154,Content / SEO pages,Form/interactive flow: /blog/the-estimate-that-went-cold-and-the-4000-job,"As a mobile visitor, I can see and use the form or interactive flow on /blog/the-estimate-that-went-cold-and-the-4000-job without layout blocking.",Fields/buttons are visible and large enough for mobile; validation should prevent incomplete submissions; production side-effect submissions require explicit approval before live POST testing.,/blog/the-estimate-that-went-cold-and-the-4000-job,"Side-effect-safe render inspection. Found 0 form(s), 40 interactive anchors/buttons. No live POST submission performed.",pass,"{""forms"":[]}",,,pass,/home/jaden/.openclaw/workspace/Stanley-Systems-Landing-Page/qa/browser-screenshots/145-blog__the-estimate-that-went-cold-and-the-4000-job.png,Rendered forms/buttons + source fetch calls searched separately
MOB-155,Industry pages,Mobile page load: /blog/what-trustworthy-automation-partner-should-deliver,"As a mobile visitor, I can open /blog/what-trustworthy-automation-partner-should-deliver and see usable content without broken rendering.","HTTP 2xx/3xx, no visible app error, no horizontal overflow, meaningful mobile content renders.",/blog/what-trustworthy-automation-partner-should-deliver,"Playwright mobile 393x759 route render, console/page-error capture, horizontal-overflow check, first-fold screenshot.",pass,200 title=What a Trustworthy Automation Partner Should Actually Deliver | Stanley Systems h1=What a trustworthy automation partner should actually deliver,,,pass,/home/jaden/.openclaw/workspace/Stanley-Systems-Landing-Page/qa/browser-screenshots/155-blog__what-trustworthy-automation-partner-should-deliver.png,app/**/page.tsx + app/sitemap.ts + rendered DOM
MOB-156,Industry pages,CTA/link: tel:+16179586372,"As a mobile visitor on /blog/what-trustworthy-automation-partner-should-deliver, I can tap “tel:+16179586372” and go to the intended destination.",Visible tap target has a valid destination; internal HTTP target resolves successfully; tel/mail links remain device handoffs.,/blog/what-trustworthy-automation-partner-should-deliver -> tel:+16179586372,Rendered mobile DOM anchor discovery + safe HTTP target check; no production form submits.,pass,device handoff link present,,,pass,/home/jaden/.openclaw/workspace/Stanley-Systems-Landing-Page/qa/browser-screenshots/155-blog__what-trustworthy-automation-partner-should-deliver.png,Rendered mobile DOM anchors
MOB-157,Industry pages,CTA/link: Start Free,"As a mobile visitor on /blog/what-trustworthy-automation-partner-should-deliver, I can tap “Start Free” and go to the intended destination.",Visible tap target has a valid destination; internal HTTP target resolves successfully; tel/mail links remain device handoffs.,/blog/what-trustworthy-automation-partner-should-deliver -> /ai-office-blueprint,Rendered mobile DOM anchor discovery + safe HTTP target check; no production form submits.,pass,200 https://stanley-systems.com/ai-office-blueprint,,,pass,/home/jaden/.openclaw/workspace/Stanley-Systems-Landing-Page/qa/browser-screenshots/155-blog__what-trustworthy-automation-partner-should-deliver.png,Rendered mobile DOM anchors
MOB-158,Industry pages,CTA/link: Map,"As a mobile visitor on /blog/what-trustworthy-automation-partner-should-deliver, I can tap “Map” and go to the intended destination.",Visible tap target has a valid destination; internal HTTP target resolves successfully; tel/mail links remain device handoffs.,/blog/what-trustworthy-automation-partner-should-deliver -> /ai-office-map,Rendered mobile DOM anchor discovery + safe HTTP target check; no production form submits.,pass,200 https://stanley-systems.com/ai-office-map,,,pass,/home/jaden/.openclaw/workspace/Stanley-Systems-Landing-Page/qa/browser-screenshots/155-blog__what-trustworthy-automation-partner-should-deliver.png,Rendered mobile DOM anchors
MOB-159,Industry pages,CTA/link: Stanley Systems,"As a mobile visitor on /blog/what-trustworthy-automation-partner-should-deliver, I can tap “Stanley Systems” and go to the intended destination.",Visible tap target has a valid destination; internal HTTP target resolves successfully; tel/mail links remain device handoffs.,/blog/what-trustworthy-automation-partner-should-deliver -> /,Rendered mobile DOM anchor discovery + safe HTTP target check; no production form submits.,pass,200 https://stanley-systems.com/,,,pass,/home/jaden/.openclaw/workspace/Stanley-Systems-Landing-Page/qa/browser-screenshots/155-blog__what-trustworthy-automation-partner-should-deliver.png,Rendered mobile DOM anchors
MOB-160,Industry pages,CTA/link: Back to articles,"As a mobile visitor on /blog/what-trustworthy-automation-partner-should-deliver, I can tap “Back to articles” and go to the intended destination.",Visible tap target has a valid destination; internal HTTP target resolves successfully; tel/mail links remain device handoffs.,/blog/what-trustworthy-automation-partner-should-deliver -> /blog,Rendered mobile DOM anchor discovery + safe HTTP target check; no production form submits.,pass,200 https://stanley-systems.com/blog,,,pass,/home/jaden/.openclaw/workspace/Stanley-Systems-Landing-Page/qa/browser-screenshots/155-blog__what-trustworthy-automation-partner-should-deliver.png,Rendered mobile DOM anchors
MOB-161,Industry pages,CTA/link: See pricing,"As a mobile visitor on /blog/what-trustworthy-automation-partner-should-deliver, I can tap “See pricing” and go to the intended destination.",Visible tap target has a valid destination; internal HTTP target resolves successfully; tel/mail links remain device handoffs.,/blog/what-trustworthy-automation-partner-should-deliver -> /pricing,Rendered mobile DOM anchor discovery + safe HTTP target check; no production form submits.,pass,200 https://stanley-systems.com/pricing,,,pass,/home/jaden/.openclaw/workspace/Stanley-Systems-Landing-Page/qa/browser-screenshots/155-blog__what-trustworthy-automation-partner-should-deliver.png,Rendered mobile DOM anchors
MOB-162,Industry pages,CTA/link: AI Office Map,"As a mobile visitor on /blog/what-trustworthy-automation-partner-should-deliver, I can tap “AI Office Map” and go to the intended destination.",Visible tap target has a valid destination; internal HTTP target resolves successfully; tel/mail links remain device handoffs.,/blog/what-trustworthy-automation-partner-should-deliver -> /ai-office-map,Rendered mobile DOM anchor discovery + safe HTTP target check; no production form submits.,pass,200 https://stanley-systems.com/ai-office-map,,,pass,/home/jaden/.openclaw/workspace/Stanley-Systems-Landing-Page/qa/browser-screenshots/155-blog__what-trustworthy-automation-partner-should-deliver.png,Rendered mobile DOM anchors
MOB-163,Industry pages,CTA/link: Free AI Office Blueprint,"As a mobile visitor on /blog/what-trustworthy-automation-partner-should-deliver, I can tap “Free AI Office Blueprint” and go to the intended destination.",Visible tap target has a valid destination; internal HTTP target resolves successfully; tel/mail links remain device handoffs.,/blog/what-trustworthy-automation-partner-should-deliver -> /ai-office-blueprint,Rendered mobile DOM anchor discovery + safe HTTP target check; no production form submits.,pass,200 https://stanley-systems.com/ai-office-blueprint,,,pass,/home/jaden/.openclaw/workspace/Stanley-Systems-Landing-Page/qa/browser-screenshots/155-blog__what-trustworthy-automation-partner-should-deliver.png,Rendered mobile DOM anchors
MOB-164,Industry pages,Form/interactive flow: /blog/what-trustworthy-automation-partner-should-deliver,"As a mobile visitor, I can see and use the form or interactive flow on /blog/what-trustworthy-automation-partner-should-deliver without layout blocking.",Fields/buttons are visible and large enough for mobile; validation should prevent incomplete submissions; production side-effect submissions require explicit approval before live POST testing.,/blog/what-trustworthy-automation-partner-should-deliver,"Side-effect-safe render inspection. Found 0 form(s), 40 interactive anchors/buttons. No live POST submission performed.",pass,"{""forms"":[]}",,,pass,/home/jaden/.openclaw/workspace/Stanley-Systems-Landing-Page/qa/browser-screenshots/155-blog__what-trustworthy-automation-partner-should-deliver.png,Rendered forms/buttons + source fetch calls searched separately
MOB-165,Industry pages,Mobile page load: /blog/why-most-automation-projects-fail-before-helping-team,"As a mobile visitor, I can open /blog/why-most-automation-projects-fail-before-helping-team and see usable content without broken rendering.","HTTP 2xx/3xx, no visible app error, no horizontal overflow, meaningful mobile content renders.",/blog/why-most-automation-projects-fail-before-helping-team,"Playwright mobile 393x759 route render, console/page-error capture, horizontal-overflow check, first-fold screenshot.",pass,200 title=Why Most Automation Projects Fail Before They Help the Team | Stanley Systems h1=Why most automation projects fail before they ever help the team,,,pass,/home/jaden/.openclaw/workspace/Stanley-Systems-Landing-Page/qa/browser-screenshots/165-blog__why-most-automation-projects-fail-before-helping-team.png,app/**/page.tsx + app/sitemap.ts + rendered DOM
MOB-166,Industry pages,CTA/link: tel:+16179586372,"As a mobile visitor on /blog/why-most-automation-projects-fail-before-helping-team, I can tap “tel:+16179586372” and go to the intended destination.",Visible tap target has a valid destination; internal HTTP target resolves successfully; tel/mail links remain device handoffs.,/blog/why-most-automation-projects-fail-before-helping-team -> tel:+16179586372,Rendered mobile DOM anchor discovery + safe HTTP target check; no production form submits.,pass,device handoff link present,,,pass,/home/jaden/.openclaw/workspace/Stanley-Systems-Landing-Page/qa/browser-screenshots/165-blog__why-most-automation-projects-fail-before-helping-team.png,Rendered mobile DOM anchors
MOB-167,Industry pages,CTA/link: Start Free,"As a mobile visitor on /blog/why-most-automation-projects-fail-before-helping-team, I can tap “Start Free” and go to the intended destination.",Visible tap target has a valid destination; internal HTTP target resolves successfully; tel/mail links remain device handoffs.,/blog/why-most-automation-projects-fail-before-helping-team -> /ai-office-blueprint,Rendered mobile DOM anchor discovery + safe HTTP target check; no production form submits.,pass,200 https://stanley-systems.com/ai-office-blueprint,,,pass,/home/jaden/.openclaw/workspace/Stanley-Systems-Landing-Page/qa/browser-screenshots/165-blog__why-most-automation-projects-fail-before-helping-team.png,Rendered mobile DOM anchors
MOB-168,Industry pages,CTA/link: Map,"As a mobile visitor on /blog/why-most-automation-projects-fail-before-helping-team, I can tap “Map” and go to the intended destination.",Visible tap target has a valid destination; internal HTTP target resolves successfully; tel/mail links remain device handoffs.,/blog/why-most-automation-projects-fail-before-helping-team -> /ai-office-map,Rendered mobile DOM anchor discovery + safe HTTP target check; no production form submits.,pass,200 https://stanley-systems.com/ai-office-map,,,pass,/home/jaden/.openclaw/workspace/Stanley-Systems-Landing-Page/qa/browser-screenshots/165-blog__why-most-automation-projects-fail-before-helping-team.png,Rendered mobile DOM anchors
MOB-169,Industry pages,CTA/link: Stanley Systems,"As a mobile visitor on /blog/why-most-automation-projects-fail-before-helping-team, I can tap “Stanley Systems” and go to the intended destination.",Visible tap target has a valid destination; internal HTTP target resolves successfully; tel/mail links remain device handoffs.,/blog/why-most-automation-projects-fail-before-helping-team -> /,Rendered mobile DOM anchor discovery + safe HTTP target check; no production form submits.,pass,200 https://stanley-systems.com/,,,pass,/home/jaden/.openclaw/workspace/Stanley-Systems-Landing-Page/qa/browser-screenshots/165-blog__why-most-automation-projects-fail-before-helping-team.png,Rendered mobile DOM anchors
MOB-170,Industry pages,CTA/link: Back to articles,"As a mobile visitor on /blog/why-most-automation-projects-fail-before-helping-team, I can tap “Back to articles” and go to the intended destination.",Visible tap target has a valid destination; internal HTTP target resolves successfully; tel/mail links remain device handoffs.,/blog/why-most-automation-projects-fail-before-helping-team -> /blog,Rendered mobile DOM anchor discovery + safe HTTP target check; no production form submits.,pass,200 https://stanley-systems.com/blog,,,pass,/home/jaden/.openclaw/workspace/Stanley-Systems-Landing-Page/qa/browser-screenshots/165-blog__why-most-automation-projects-fail-before-helping-team.png,Rendered mobile DOM anchors
MOB-171,Industry pages,CTA/link: See pricing,"As a mobile visitor on /blog/why-most-automation-projects-fail-before-helping-team, I can tap “See pricing” and go to the intended destination.",Visible tap target has a valid destination; internal HTTP target resolves successfully; tel/mail links remain device handoffs.,/blog/why-most-automation-projects-fail-before-helping-team -> /pricing,Rendered mobile DOM anchor discovery + safe HTTP target check; no production form submits.,pass,200 https://stanley-systems.com/pricing,,,pass,/home/jaden/.openclaw/workspace/Stanley-Systems-Landing-Page/qa/browser-screenshots/165-blog__why-most-automation-projects-fail-before-helping-team.png,Rendered mobile DOM anchors
MOB-172,Industry pages,CTA/link: AI Office Map,"As a mobile visitor on /blog/why-most-automation-projects-fail-before-helping-team, I can tap “AI Office Map” and go to the intended destination.",Visible tap target has a valid destination; internal HTTP target resolves successfully; tel/mail links remain device handoffs.,/blog/why-most-automation-projects-fail-before-helping-team -> /ai-office-map,Rendered mobile DOM anchor discovery + safe HTTP target check; no production form submits.,pass,200 https://stanley-systems.com/ai-office-map,,,pass,/home/jaden/.openclaw/workspace/Stanley-Systems-Landing-Page/qa/browser-screenshots/165-blog__why-most-automation-projects-fail-before-helping-team.png,Rendered mobile DOM anchors
MOB-173,Industry pages,CTA/link: Free AI Office Blueprint,"As a mobile visitor on /blog/why-most-automation-projects-fail-before-helping-team, I can tap “Free AI Office Blueprint” and go to the intended destination.",Visible tap target has a valid destination; internal HTTP target resolves successfully; tel/mail links remain device handoffs.,/blog/why-most-automation-projects-fail-before-helping-team -> /ai-office-blueprint,Rendered mobile DOM anchor discovery + safe HTTP target check; no production form submits.,pass,200 https://stanley-systems.com/ai-office-blueprint,,,pass,/home/jaden/.openclaw/workspace/Stanley-Systems-Landing-Page/qa/browser-screenshots/165-blog__why-most-automation-projects-fail-before-helping-team.png,Rendered mobile DOM anchors
MOB-174,Industry pages,Form/interactive flow: /blog/why-most-automation-projects-fail-before-helping-team,"As a mobile visitor, I can see and use the form or interactive flow on /blog/why-most-automation-projects-fail-before-helping-team without layout blocking.",Fields/buttons are visible and large enough for mobile; validation should prevent incomplete submissions; production side-effect submissions require explicit approval before live POST testing.,/blog/why-most-automation-projects-fail-before-helping-team,"Side-effect-safe render inspection. Found 0 form(s), 40 interactive anchors/buttons. No live POST submission performed.",pass,"{""forms"":[]}",,,pass,/home/jaden/.openclaw/workspace/Stanley-Systems-Landing-Page/qa/browser-screenshots/165-blog__why-most-automation-projects-fail-before-helping-team.png,Rendered forms/buttons + source fetch calls searched separately
MOB-175,Content / SEO pages,Mobile page load: /blog/why-the-plumber-waits-3-weeks-to-get-paid,"As a mobile visitor, I can open /blog/why-the-plumber-waits-3-weeks-to-get-paid and see usable content without broken rendering.","HTTP 2xx/3xx, no visible app error, no horizontal overflow, meaningful mobile content renders.",/blog/why-the-plumber-waits-3-weeks-to-get-paid,"Playwright mobile 393x759 route render, console/page-error capture, horizontal-overflow check, first-fold screenshot.",pass,200 title=Why Plumbers Wait Weeks to Get Paid | Stanley Systems h1=Why the plumber who does great work still waits 3 weeks to get paid,,,pass,/home/jaden/.openclaw/workspace/Stanley-Systems-Landing-Page/qa/browser-screenshots/175-blog__why-the-plumber-waits-3-weeks-to-get-paid.png,app/**/page.tsx + app/sitemap.ts + rendered DOM
MOB-176,Content / SEO pages,CTA/link: tel:+16179586372,"As a mobile visitor on /blog/why-the-plumber-waits-3-weeks-to-get-paid, I can tap “tel:+16179586372” and go to the intended destination.",Visible tap target has a valid destination; internal HTTP target resolves successfully; tel/mail links remain device handoffs.,/blog/why-the-plumber-waits-3-weeks-to-get-paid -> tel:+16179586372,Rendered mobile DOM anchor discovery + safe HTTP target check; no production form submits.,pass,device handoff link present,,,pass,/home/jaden/.openclaw/workspace/Stanley-Systems-Landing-Page/qa/browser-screenshots/175-blog__why-the-plumber-waits-3-weeks-to-get-paid.png,Rendered mobile DOM anchors
MOB-177,Content / SEO pages,CTA/link: Start Free,"As a mobile visitor on /blog/why-the-plumber-waits-3-weeks-to-get-paid, I can tap “Start Free” and go to the intended destination.",Visible tap target has a valid destination; internal HTTP target resolves successfully; tel/mail links remain device handoffs.,/blog/why-the-plumber-waits-3-weeks-to-get-paid -> /ai-office-blueprint,Rendered mobile DOM anchor discovery + safe HTTP target check; no production form submits.,pass,200 https://stanley-systems.com/ai-office-blueprint,,,pass,/home/jaden/.openclaw/workspace/Stanley-Systems-Landing-Page/qa/browser-screenshots/175-blog__why-the-plumber-waits-3-weeks-to-get-paid.png,Rendered mobile DOM anchors
MOB-178,Content / SEO pages,CTA/link: Map,"As a mobile visitor on /blog/why-the-plumber-waits-3-weeks-to-get-paid, I can tap “Map” and go to the intended destination.",Visible tap target has a valid destination; internal HTTP target resolves successfully; tel/mail links remain device handoffs.,/blog/why-the-plumber-waits-3-weeks-to-get-paid -> /ai-office-map,Rendered mobile DOM anchor discovery + safe HTTP target check; no production form submits.,pass,200 https://stanley-systems.com/ai-office-map,,,pass,/home/jaden/.openclaw/workspace/Stanley-Systems-Landing-Page/qa/browser-screenshots/175-blog__why-the-plumber-waits-3-weeks-to-get-paid.png,Rendered mobile DOM anchors
MOB-179,Content / SEO pages,CTA/link: Stanley Systems,"As a mobile visitor on /blog/why-the-plumber-waits-3-weeks-to-get-paid, I can tap “Stanley Systems” and go to the intended destination.",Visible tap target has a valid destination; internal HTTP target resolves successfully; tel/mail links remain device handoffs.,/blog/why-the-plumber-waits-3-weeks-to-get-paid -> /,Rendered mobile DOM anchor discovery + safe HTTP target check; no production form submits.,pass,200 https://stanley-systems.com/,,,pass,/home/jaden/.openclaw/workspace/Stanley-Systems-Landing-Page/qa/browser-screenshots/175-blog__why-the-plumber-waits-3-weeks-to-get-paid.png,Rendered mobile DOM anchors
MOB-180,Content / SEO pages,CTA/link: Back to articles,"As a mobile visitor on /blog/why-the-plumber-waits-3-weeks-to-get-paid, I can tap “Back to articles” and go to the intended destination.",Visible tap target has a valid destination; internal HTTP target resolves successfully; tel/mail links remain device handoffs.,/blog/why-the-plumber-waits-3-weeks-to-get-paid -> /blog,Rendered mobile DOM anchor discovery + safe HTTP target check; no production form submits.,pass,200 https://stanley-systems.com/blog,,,pass,/home/jaden/.openclaw/workspace/Stanley-Systems-Landing-Page/qa/browser-screenshots/175-blog__why-the-plumber-waits-3-weeks-to-get-paid.png,Rendered mobile DOM anchors
MOB-181,Content / SEO pages,CTA/link: See pricing,"As a mobile visitor on /blog/why-the-plumber-waits-3-weeks-to-get-paid, I can tap “See pricing” and go to the intended destination.",Visible tap target has a valid destination; internal HTTP target resolves successfully; tel/mail links remain device handoffs.,/blog/why-the-plumber-waits-3-weeks-to-get-paid -> /pricing,Rendered mobile DOM anchor discovery + safe HTTP target check; no production form submits.,pass,200 https://stanley-systems.com/pricing,,,pass,/home/jaden/.openclaw/workspace/Stanley-Systems-Landing-Page/qa/browser-screenshots/175-blog__why-the-plumber-waits-3-weeks-to-get-paid.png,Rendered mobile DOM anchors
MOB-182,Content / SEO pages,CTA/link: AI Office Map,"As a mobile visitor on /blog/why-the-plumber-waits-3-weeks-to-get-paid, I can tap “AI Office Map” and go to the intended destination.",Visible tap target has a valid destination; internal HTTP target resolves successfully; tel/mail links remain device handoffs.,/blog/why-the-plumber-waits-3-weeks-to-get-paid -> /ai-office-map,Rendered mobile DOM anchor discovery + safe HTTP target check; no production form submits.,pass,200 https://stanley-systems.com/ai-office-map,,,pass,/home/jaden/.openclaw/workspace/Stanley-Systems-Landing-Page/qa/browser-screenshots/175-blog__why-the-plumber-waits-3-weeks-to-get-paid.png,Rendered mobile DOM anchors
MOB-183,Content / SEO pages,CTA/link: Free AI Office Blueprint,"As a mobile visitor on /blog/why-the-plumber-waits-3-weeks-to-get-paid, I can tap “Free AI Office Blueprint” and go to the intended destination.",Visible tap target has a valid destination; internal HTTP target resolves successfully; tel/mail links remain device handoffs.,/blog/why-the-plumber-waits-3-weeks-to-get-paid -> /ai-office-blueprint,Rendered mobile DOM anchor discovery + safe HTTP target check; no production form submits.,pass,200 https://stanley-systems.com/ai-office-blueprint,,,pass,/home/jaden/.openclaw/workspace/Stanley-Systems-Landing-Page/qa/browser-screenshots/175-blog__why-the-plumber-waits-3-weeks-to-get-paid.png,Rendered mobile DOM anchors
MOB-184,Content / SEO pages,Form/interactive flow: /blog/why-the-plumber-waits-3-weeks-to-get-paid,"As a mobile visitor, I can see and use the form or interactive flow on /blog/why-the-plumber-waits-3-weeks-to-get-paid without layout blocking.",Fields/buttons are visible and large enough for mobile; validation should prevent incomplete submissions; production side-effect submissions require explicit approval before live POST testing.,/blog/why-the-plumber-waits-3-weeks-to-get-paid,"Side-effect-safe render inspection. Found 0 form(s), 40 interactive anchors/buttons. No live POST submission performed.",pass,"{""forms"":[]}",,,pass,/home/jaden/.openclaw/workspace/Stanley-Systems-Landing-Page/qa/browser-screenshots/175-blog__why-the-plumber-waits-3-weeks-to-get-paid.png,Rendered forms/buttons + source fetch calls searched separately
MOB-185,Site page,Mobile page load: /car-dealerships,"As a mobile visitor, I can open /car-dealerships and see usable content without broken rendering.","HTTP 2xx/3xx, no visible app error, no horizontal overflow, meaningful mobile content renders.",/car-dealerships,"Playwright mobile 393x759 route render, console/page-error capture, horizontal-overflow check, first-fold screenshot.",pass,200 title=Stanley Systems | AI Office Map h1=Best for service companies where office bottlenecks are starting to cap growth.,,,pass,/home/jaden/.openclaw/workspace/Stanley-Systems-Landing-Page/qa/browser-screenshots/185-car-dealerships.png,app/**/page.tsx + app/sitemap.ts + rendered DOM
MOB-186,Site page,CTA/link: tel:+16179586372,"As a mobile visitor on /car-dealerships, I can tap “tel:+16179586372” and go to the intended destination.",Visible tap target has a valid destination; internal HTTP target resolves successfully; tel/mail links remain device handoffs.,/car-dealerships -> tel:+16179586372,Rendered mobile DOM anchor discovery + safe HTTP target check; no production form submits.,pass,device handoff link present,,,pass,/home/jaden/.openclaw/workspace/Stanley-Systems-Landing-Page/qa/browser-screenshots/185-car-dealerships.png,Rendered mobile DOM anchors
MOB-187,Site page,CTA/link: Start Free,"As a mobile visitor on /car-dealerships, I can tap “Start Free” and go to the intended destination.",Visible tap target has a valid destination; internal HTTP target resolves successfully; tel/mail links remain device handoffs.,/car-dealerships -> /ai-office-blueprint,Rendered mobile DOM anchor discovery + safe HTTP target check; no production form submits.,pass,200 https://stanley-systems.com/ai-office-blueprint,,,pass,/home/jaden/.openclaw/workspace/Stanley-Systems-Landing-Page/qa/browser-screenshots/185-car-dealerships.png,Rendered mobile DOM anchors
MOB-188,Site page,CTA/link: Map,"As a mobile visitor on /car-dealerships, I can tap “Map” and go to the intended destination.",Visible tap target has a valid destination; internal HTTP target resolves successfully; tel/mail links remain device handoffs.,/car-dealerships -> /ai-office-map,Rendered mobile DOM anchor discovery + safe HTTP target check; no production form submits.,pass,200 https://stanley-systems.com/ai-office-map,,,pass,/home/jaden/.openclaw/workspace/Stanley-Systems-Landing-Page/qa/browser-screenshots/185-car-dealerships.png,Rendered mobile DOM anchors
MOB-189,Site page,CTA/link: Stanley Systems,"As a mobile visitor on /car-dealerships, I can tap “Stanley Systems” and go to the intended destination.",Visible tap target has a valid destination; internal HTTP target resolves successfully; tel/mail links remain device handoffs.,/car-dealerships -> /,Rendered mobile DOM anchor discovery + safe HTTP target check; no production form submits.,pass,200 https://stanley-systems.com/,,,pass,/home/jaden/.openclaw/workspace/Stanley-Systems-Landing-Page/qa/browser-screenshots/185-car-dealerships.png,Rendered mobile DOM anchors
MOB-190,Site page,CTA/link: AI Office Map,"As a mobile visitor on /car-dealerships, I can tap “AI Office Map” and go to the intended destination.",Visible tap target has a valid destination; internal HTTP target resolves successfully; tel/mail links remain device handoffs.,/car-dealerships -> /ai-office-map,Rendered mobile DOM anchor discovery + safe HTTP target check; no production form submits.,pass,200 https://stanley-systems.com/ai-office-map,,,pass,/home/jaden/.openclaw/workspace/Stanley-Systems-Landing-Page/qa/browser-screenshots/185-car-dealerships.png,Rendered mobile DOM anchors
MOB-191,Site page,CTA/link: Free AI Office Blueprint,"As a mobile visitor on /car-dealerships, I can tap “Free AI Office Blueprint” and go to the intended destination.",Visible tap target has a valid destination; internal HTTP target resolves successfully; tel/mail links remain device handoffs.,/car-dealerships -> /ai-office-blueprint,Rendered mobile DOM anchor discovery + safe HTTP target check; no production form submits.,pass,200 https://stanley-systems.com/ai-office-blueprint,,,pass,/home/jaden/.openclaw/workspace/Stanley-Systems-Landing-Page/qa/browser-screenshots/185-car-dealerships.png,Rendered mobile DOM anchors
MOB-192,Site page,CTA/link: AI Office Installation Sprint,"As a mobile visitor on /car-dealerships, I can tap “AI Office Installation Sprint” and go to the intended destination.",Visible tap target has a valid destination; internal HTTP target resolves successfully; tel/mail links remain device handoffs.,/car-dealerships -> /systems-installation-sprint,Rendered mobile DOM anchor discovery + safe HTTP target check; no production form submits.,pass,200 https://stanley-systems.com/systems-installation-sprint,,,pass,/home/jaden/.openclaw/workspace/Stanley-Systems-Landing-Page/qa/browser-screenshots/185-car-dealerships.png,Rendered mobile DOM anchors
MOB-193,Site page,CTA/link: AI Office Ops,"As a mobile visitor on /car-dealerships, I can tap “AI Office Ops” and go to the intended destination.",Visible tap target has a valid destination; internal HTTP target resolves successfully; tel/mail links remain device handoffs.,/car-dealerships -> /pricing,Rendered mobile DOM anchor discovery + safe HTTP target check; no production form submits.,pass,200 https://stanley-systems.com/pricing,,,pass,/home/jaden/.openclaw/workspace/Stanley-Systems-Landing-Page/qa/browser-screenshots/185-car-dealerships.png,Rendered mobile DOM anchors
MOB-194,Site page,Form/interactive flow: /car-dealerships,"As a mobile visitor, I can see and use the form or interactive flow on /car-dealerships without layout blocking.",Fields/buttons are visible and large enough for mobile; validation should prevent incomplete submissions; production side-effect submissions require explicit approval before live POST testing.,/car-dealerships,"Side-effect-safe render inspection. Found 0 form(s), 38 interactive anchors/buttons. No live POST submission performed.",pass,"{""forms"":[]}",,,pass,/home/jaden/.openclaw/workspace/Stanley-Systems-Landing-Page/qa/browser-screenshots/185-car-dealerships.png,Rendered forms/buttons + source fetch calls searched separately
MOB-195,Site page,Mobile page load: /checkout/cancel,"As a mobile visitor, I can open /checkout/cancel and see usable content without broken rendering.","HTTP 2xx/3xx, no visible app error, no horizontal overflow, meaningful mobile content renders.",/checkout/cancel,"Playwright mobile 393x759 route render, console/page-error capture, horizontal-overflow check, first-fold screenshot.",pass,200 title=Payment was not completed | Stanley Systems h1=Payment was not completed.,,,pass,/home/jaden/.openclaw/workspace/Stanley-Systems-Landing-Page/qa/browser-screenshots/195-checkout__cancel.png,app/**/page.tsx + app/sitemap.ts + rendered DOM
MOB-196,Site page,CTA/link: tel:+16179586372,"As a mobile visitor on /checkout/cancel, I can tap “tel:+16179586372” and go to the intended destination.",Visible tap target has a valid destination; internal HTTP target resolves successfully; tel/mail links remain device handoffs.,/checkout/cancel -> tel:+16179586372,Rendered mobile DOM anchor discovery + safe HTTP target check; no production form submits.,pass,device handoff link present,,,pass,/home/jaden/.openclaw/workspace/Stanley-Systems-Landing-Page/qa/browser-screenshots/195-checkout__cancel.png,Rendered mobile DOM anchors
MOB-197,Site page,CTA/link: Start Free,"As a mobile visitor on /checkout/cancel, I can tap “Start Free” and go to the intended destination.",Visible tap target has a valid destination; internal HTTP target resolves successfully; tel/mail links remain device handoffs.,/checkout/cancel -> /ai-office-blueprint,Rendered mobile DOM anchor discovery + safe HTTP target check; no production form submits.,pass,200 https://stanley-systems.com/ai-office-blueprint,,,pass,/home/jaden/.openclaw/workspace/Stanley-Systems-Landing-Page/qa/browser-screenshots/195-checkout__cancel.png,Rendered mobile DOM anchors
MOB-198,Site page,CTA/link: Map,"As a mobile visitor on /checkout/cancel, I can tap “Map” and go to the intended destination.",Visible tap target has a valid destination; internal HTTP target resolves successfully; tel/mail links remain device handoffs.,/checkout/cancel -> /ai-office-map,Rendered mobile DOM anchor discovery + safe HTTP target check; no production form submits.,pass,200 https://stanley-systems.com/ai-office-map,,,pass,/home/jaden/.openclaw/workspace/Stanley-Systems-Landing-Page/qa/browser-screenshots/195-checkout__cancel.png,Rendered mobile DOM anchors
MOB-199,Site page,CTA/link: Stanley Systems,"As a mobile visitor on /checkout/cancel, I can tap “Stanley Systems” and go to the intended destination.",Visible tap target has a valid destination; internal HTTP target resolves successfully; tel/mail links remain device handoffs.,/checkout/cancel -> /,Rendered mobile DOM anchor discovery + safe HTTP target check; no production form submits.,pass,200 https://stanley-systems.com/,,,pass,/home/jaden/.openclaw/workspace/Stanley-Systems-Landing-Page/qa/browser-screenshots/195-checkout__cancel.png,Rendered mobile DOM anchors
MOB-200,Site page,CTA/link: Return to Pricing,"As a mobile visitor on /checkout/cancel, I can tap “Return to Pricing” and go to the intended destination.",Visible tap target has a valid destination; internal HTTP target resolves successfully; tel/mail links remain device handoffs.,/checkout/cancel -> /pricing,Rendered mobile DOM anchor discovery + safe HTTP target check; no production form submits.,pass,200 https://stanley-systems.com/pricing,,,pass,/home/jaden/.openclaw/workspace/Stanley-Systems-Landing-Page/qa/browser-screenshots/195-checkout__cancel.png,Rendered mobile DOM anchors
MOB-201,Site page,CTA/link: Buy AI Office Map,"As a mobile visitor on /checkout/cancel, I can tap “Buy AI Office Map” and go to the intended destination.",Visible tap target has a valid destination; internal HTTP target resolves successfully; tel/mail links remain device handoffs.,/checkout/cancel -> https://buy.stripe.com/3cI7sKcHZder5I5cFkg7e09,Rendered mobile DOM anchor discovery + safe HTTP target check; no production form submits.,pass,200 https://buy.stripe.com/3cI7sKcHZder5I5cFkg7e09,,,pass,/home/jaden/.openclaw/workspace/Stanley-Systems-Landing-Page/qa/browser-screenshots/195-checkout__cancel.png,Rendered mobile DOM anchors
MOB-202,Site page,CTA/link: AI Office Map,"As a mobile visitor on /checkout/cancel, I can tap “AI Office Map” and go to the intended destination.",Visible tap target has a valid destination; internal HTTP target resolves successfully; tel/mail links remain device handoffs.,/checkout/cancel -> /ai-office-map,Rendered mobile DOM anchor discovery + safe HTTP target check; no production form submits.,pass,200 https://stanley-systems.com/ai-office-map,,,pass,/home/jaden/.openclaw/workspace/Stanley-Systems-Landing-Page/qa/browser-screenshots/195-checkout__cancel.png,Rendered mobile DOM anchors
MOB-203,Site page,CTA/link: Free AI Office Blueprint,"As a mobile visitor on /checkout/cancel, I can tap “Free AI Office Blueprint” and go to the intended destination.",Visible tap target has a valid destination; internal HTTP target resolves successfully; tel/mail links remain device handoffs.,/checkout/cancel -> /ai-office-blueprint,Rendered mobile DOM anchor discovery + safe HTTP target check; no production form submits.,pass,200 https://stanley-systems.com/ai-office-blueprint,,,pass,/home/jaden/.openclaw/workspace/Stanley-Systems-Landing-Page/qa/browser-screenshots/195-checkout__cancel.png,Rendered mobile DOM anchors
MOB-204,Site page,Form/interactive flow: /checkout/cancel,"As a mobile visitor, I can see and use the form or interactive flow on /checkout/cancel without layout blocking.",Fields/buttons are visible and large enough for mobile; validation should prevent incomplete submissions; production side-effect submissions require explicit approval before live POST testing.,/checkout/cancel,"Side-effect-safe render inspection. Found 0 form(s), 40 interactive anchors/buttons. No live POST submission performed.",pass,"{""forms"":[]}",,,pass,/home/jaden/.openclaw/workspace/Stanley-Systems-Landing-Page/qa/browser-screenshots/195-checkout__cancel.png,Rendered forms/buttons + source fetch calls searched separately
MOB-205,Site page,Mobile page load: /checkout/onboarding,"As a mobile visitor, I can open /checkout/onboarding and see usable content without broken rendering.","HTTP 2xx/3xx, no visible app error, no horizontal overflow, meaningful mobile content renders.",/checkout/onboarding,"Playwright mobile 393x759 route render, console/page-error capture, horizontal-overflow check, first-fold screenshot.",pass,200 title=Paid buyer onboarding | Stanley Systems h1=Paid buyer onboarding,,,pass,/home/jaden/.openclaw/workspace/Stanley-Systems-Landing-Page/qa/browser-screenshots/205-checkout__onboarding.png,app/**/page.tsx + app/sitemap.ts + rendered DOM
MOB-206,Site page,CTA/link: tel:+16179586372,"As a mobile visitor on /checkout/onboarding, I can tap “tel:+16179586372” and go to the intended destination.",Visible tap target has a valid destination; internal HTTP target resolves successfully; tel/mail links remain device handoffs.,/checkout/onboarding -> tel:+16179586372,Rendered mobile DOM anchor discovery + safe HTTP target check; no production form submits.,pass,device handoff link present,,,pass,/home/jaden/.openclaw/workspace/Stanley-Systems-Landing-Page/qa/browser-screenshots/205-checkout__onboarding.png,Rendered mobile DOM anchors
MOB-207,Site page,CTA/link: Start Free,"As a mobile visitor on /checkout/onboarding, I can tap “Start Free” and go to the intended destination.",Visible tap target has a valid destination; internal HTTP target resolves successfully; tel/mail links remain device handoffs.,/checkout/onboarding -> /ai-office-blueprint,Rendered mobile DOM anchor discovery + safe HTTP target check; no production form submits.,pass,200 https://stanley-systems.com/ai-office-blueprint,,,pass,/home/jaden/.openclaw/workspace/Stanley-Systems-Landing-Page/qa/browser-screenshots/205-checkout__onboarding.png,Rendered mobile DOM anchors
MOB-208,Site page,CTA/link: Map,"As a mobile visitor on /checkout/onboarding, I can tap “Map” and go to the intended destination.",Visible tap target has a valid destination; internal HTTP target resolves successfully; tel/mail links remain device handoffs.,/checkout/onboarding -> /ai-office-map,Rendered mobile DOM anchor discovery + safe HTTP target check; no production form submits.,pass,200 https://stanley-systems.com/ai-office-map,,,pass,/home/jaden/.openclaw/workspace/Stanley-Systems-Landing-Page/qa/browser-screenshots/205-checkout__onboarding.png,Rendered mobile DOM anchors
MOB-209,Site page,CTA/link: Stanley Systems,"As a mobile visitor on /checkout/onboarding, I can tap “Stanley Systems” and go to the intended destination.",Visible tap target has a valid destination; internal HTTP target resolves successfully; tel/mail links remain device handoffs.,/checkout/onboarding -> /,Rendered mobile DOM anchor discovery + safe HTTP target check; no production form submits.,pass,200 https://stanley-systems.com/,,,pass,/home/jaden/.openclaw/workspace/Stanley-Systems-Landing-Page/qa/browser-screenshots/205-checkout__onboarding.png,Rendered mobile DOM anchors
MOB-210,Site page,CTA/link: Privacy Policy,"As a mobile visitor on /checkout/onboarding, I can tap “Privacy Policy” and go to the intended destination.",Visible tap target has a valid destination; internal HTTP target resolves successfully; tel/mail links remain device handoffs.,/checkout/onboarding -> /privacy-policy,Rendered mobile DOM anchor discovery + safe HTTP target check; no production form submits.,pass,200 https://stanley-systems.com/privacy-policy,,,pass,/home/jaden/.openclaw/workspace/Stanley-Systems-Landing-Page/qa/browser-screenshots/205-checkout__onboarding.png,Rendered mobile DOM anchors
MOB-211,Site page,CTA/link: Terms and Conditions,"As a mobile visitor on /checkout/onboarding, I can tap “Terms and Conditions” and go to the intended destination.",Visible tap target has a valid destination; internal HTTP target resolves successfully; tel/mail links remain device handoffs.,/checkout/onboarding -> /terms-and-conditions,Rendered mobile DOM anchor discovery + safe HTTP target check; no production form submits.,pass,200 https://stanley-systems.com/terms-and-conditions,,,pass,/home/jaden/.openclaw/workspace/Stanley-Systems-Landing-Page/qa/browser-screenshots/205-checkout__onboarding.png,Rendered mobile DOM anchors
MOB-212,Site page,CTA/link: AI Office Map,"As a mobile visitor on /checkout/onboarding, I can tap “AI Office Map” and go to the intended destination.",Visible tap target has a valid destination; internal HTTP target resolves successfully; tel/mail links remain device handoffs.,/checkout/onboarding -> /ai-office-map,Rendered mobile DOM anchor discovery + safe HTTP target check; no production form submits.,pass,200 https://stanley-systems.com/ai-office-map,,,pass,/home/jaden/.openclaw/workspace/Stanley-Systems-Landing-Page/qa/browser-screenshots/205-checkout__onboarding.png,Rendered mobile DOM anchors
MOB-213,Site page,CTA/link: Free AI Office Blueprint,"As a mobile visitor on /checkout/onboarding, I can tap “Free AI Office Blueprint” and go to the intended destination.",Visible tap target has a valid destination; internal HTTP target resolves successfully; tel/mail links remain device handoffs.,/checkout/onboarding -> /ai-office-blueprint,Rendered mobile DOM anchor discovery + safe HTTP target check; no production form submits.,pass,200 https://stanley-systems.com/ai-office-blueprint,,,pass,/home/jaden/.openclaw/workspace/Stanley-Systems-Landing-Page/qa/browser-screenshots/205-checkout__onboarding.png,Rendered mobile DOM anchors
MOB-214,Site page,Form/interactive flow: /checkout/onboarding,"As a mobile visitor, I can see and use the form or interactive flow on /checkout/onboarding without layout blocking.",Fields/buttons are visible and large enough for mobile; validation should prevent incomplete submissions; production side-effect submissions require explicit approval before live POST testing.,/checkout/onboarding,"Side-effect-safe render inspection. Found 1 form(s), 41 interactive anchors/buttons. No live POST submission performed.",pass,"{""forms"":[{""inputs"":[{""name"":""name"",""type"":""text"",""required"":true,""placeholder"":""Jane Smith""},{""name"":""business"",""type"":""text"",""required"":true,""placeholder"":""Your business name""},{""name"":""email"",""type"":""email"",""required"":true,""placeholder"":""jane@company.com""},{""name"":""phone"",""type"":""tel"",""required"":true,""placeholder"":""+1 (555) 123-4567""},{""name"":""whatBought"",""type"":""select"",""required"":true,""placeholder"":""""},{""name"":""fieldJobDispatchSystem"",""type"":""text"",""required"":true,""placeholder"":""Current job system""},{""name"":""accountingBillingSystem"",""type"":""text"",""required"":true,""placeholder"":""Current billing system""},{""name"":""biggestLeak"",""type"":""textarea"",""required"":true,""placeholder"":""What should we fix first?""},{""name"":""accessReadiness"",""type"":""select"",""required"":true,""placeholder"":""""},{""name"":""preferredCallTime"",""type"":""text"",""required"":true,""placeholder"":""Weekday mornings""},{""name"":""notes"",""type"":""textarea"",""required"":false,""placeholder"":""Optional notes""},{""name"":"""",""type"":""checkbox"",""requir",,,pass,/home/jaden/.openclaw/workspace/Stanley-Systems-Landing-Page/qa/browser-screenshots/205-checkout__onboarding.png,Rendered forms/buttons + source fetch calls searched separately
MOB-215,Site page,Mobile page load: /checkout/success,"As a mobile visitor, I can open /checkout/success and see usable content without broken rendering.","HTTP 2xx/3xx, no visible app error, no horizontal overflow, meaningful mobile content renders.",/checkout/success,"Playwright mobile 393x759 route render, console/page-error capture, horizontal-overflow check, first-fold screenshot.",pass,200 title=Payment received | Stanley Systems h1=Payment received. Here is what happens next.,,,pass,/home/jaden/.openclaw/workspace/Stanley-Systems-Landing-Page/qa/browser-screenshots/215-checkout__success.png,app/**/page.tsx + app/sitemap.ts + rendered DOM
MOB-216,Site page,CTA/link: tel:+16179586372,"As a mobile visitor on /checkout/success, I can tap “tel:+16179586372” and go to the intended destination.",Visible tap target has a valid destination; internal HTTP target resolves successfully; tel/mail links remain device handoffs.,/checkout/success -> tel:+16179586372,Rendered mobile DOM anchor discovery + safe HTTP target check; no production form submits.,pass,device handoff link present,,,pass,/home/jaden/.openclaw/workspace/Stanley-Systems-Landing-Page/qa/browser-screenshots/215-checkout__success.png,Rendered mobile DOM anchors
MOB-217,Site page,CTA/link: Start Free,"As a mobile visitor on /checkout/success, I can tap “Start Free” and go to the intended destination.",Visible tap target has a valid destination; internal HTTP target resolves successfully; tel/mail links remain device handoffs.,/checkout/success -> /ai-office-blueprint,Rendered mobile DOM anchor discovery + safe HTTP target check; no production form submits.,pass,200 https://stanley-systems.com/ai-office-blueprint,,,pass,/home/jaden/.openclaw/workspace/Stanley-Systems-Landing-Page/qa/browser-screenshots/215-checkout__success.png,Rendered mobile DOM anchors
MOB-218,Site page,CTA/link: Map,"As a mobile visitor on /checkout/success, I can tap “Map” and go to the intended destination.",Visible tap target has a valid destination; internal HTTP target resolves successfully; tel/mail links remain device handoffs.,/checkout/success -> /ai-office-map,Rendered mobile DOM anchor discovery + safe HTTP target check; no production form submits.,pass,200 https://stanley-systems.com/ai-office-map,,,pass,/home/jaden/.openclaw/workspace/Stanley-Systems-Landing-Page/qa/browser-screenshots/215-checkout__success.png,Rendered mobile DOM anchors
MOB-219,Site page,CTA/link: Stanley Systems,"As a mobile visitor on /checkout/success, I can tap “Stanley Systems” and go to the intended destination.",Visible tap target has a valid destination; internal HTTP target resolves successfully; tel/mail links remain device handoffs.,/checkout/success -> /,Rendered mobile DOM anchor discovery + safe HTTP target check; no production form submits.,pass,200 https://stanley-systems.com/,,,pass,/home/jaden/.openclaw/workspace/Stanley-Systems-Landing-Page/qa/browser-screenshots/215-checkout__success.png,Rendered mobile DOM anchors
MOB-220,Site page,CTA/link: Fill Out Onboarding Form,"As a mobile visitor on /checkout/success, I can tap “Fill Out Onboarding Form” and go to the intended destination.",Visible tap target has a valid destination; internal HTTP target resolves successfully; tel/mail links remain device handoffs.,/checkout/success -> /checkout/onboarding,Rendered mobile DOM anchor discovery + safe HTTP target check; no production form submits.,pass,200 https://stanley-systems.com/checkout/onboarding,,,pass,/home/jaden/.openclaw/workspace/Stanley-Systems-Landing-Page/qa/browser-screenshots/215-checkout__success.png,Rendered mobile DOM anchors
MOB-221,Site page,CTA/link: Book Your Call,"As a mobile visitor on /checkout/success, I can tap “Book Your Call” and go to the intended destination.",Visible tap target has a valid destination; internal HTTP target resolves successfully; tel/mail links remain device handoffs.,/checkout/success -> https://calendly.com/stanleysystems/30min,Rendered mobile DOM anchor discovery + safe HTTP target check; no production form submits.,pass,200 https://calendly.com/stanleysystems/30min,,,pass,/home/jaden/.openclaw/workspace/Stanley-Systems-Landing-Page/qa/browser-screenshots/215-checkout__success.png,Rendered mobile DOM anchors
MOB-222,Site page,CTA/link: AI Office Map,"As a mobile visitor on /checkout/success, I can tap “AI Office Map” and go to the intended destination.",Visible tap target has a valid destination; internal HTTP target resolves successfully; tel/mail links remain device handoffs.,/checkout/success -> /ai-office-map,Rendered mobile DOM anchor discovery + safe HTTP target check; no production form submits.,pass,200 https://stanley-systems.com/ai-office-map,,,pass,/home/jaden/.openclaw/workspace/Stanley-Systems-Landing-Page/qa/browser-screenshots/215-checkout__success.png,Rendered mobile DOM anchors
MOB-223,Site page,CTA/link: Free AI Office Blueprint,"As a mobile visitor on /checkout/success, I can tap “Free AI Office Blueprint” and go to the intended destination.",Visible tap target has a valid destination; internal HTTP target resolves successfully; tel/mail links remain device handoffs.,/checkout/success -> /ai-office-blueprint,Rendered mobile DOM anchor discovery + safe HTTP target check; no production form submits.,pass,200 https://stanley-systems.com/ai-office-blueprint,,,pass,/home/jaden/.openclaw/workspace/Stanley-Systems-Landing-Page/qa/browser-screenshots/215-checkout__success.png,Rendered mobile DOM anchors
MOB-224,Site page,Form/interactive flow: /checkout/success,"As a mobile visitor, I can see and use the form or interactive flow on /checkout/success without layout blocking.",Fields/buttons are visible and large enough for mobile; validation should prevent incomplete submissions; production side-effect submissions require explicit approval before live POST testing.,/checkout/success,"Side-effect-safe render inspection. Found 0 form(s), 40 interactive anchors/buttons. No live POST submission performed.",pass,"{""forms"":[]}",,,pass,/home/jaden/.openclaw/workspace/Stanley-Systems-Landing-Page/qa/browser-screenshots/215-checkout__success.png,Rendered forms/buttons + source fetch calls searched separately
MOB-225,Machine-readable docs,Mobile page load: /contact.md,"As a mobile visitor, I can open /contact.md and see usable content without broken rendering.","HTTP 2xx/3xx, no visible app error, no horizontal overflow, meaningful mobile content renders.",/contact.md,"Playwright mobile 393x759 route render, console/page-error capture, horizontal-overflow check, first-fold screenshot.",pass,200 title=(none) h1=(none),,,pass,/home/jaden/.openclaw/workspace/Stanley-Systems-Landing-Page/qa/browser-screenshots/225-contact_md.png,app/**/page.tsx + app/sitemap.ts + rendered DOM
MOB-226,Site page,Mobile page load: /demo/bayview/request-service,"As a mobile visitor, I can open /demo/bayview/request-service and see usable content without broken rendering.","HTTP 2xx/3xx, no visible app error, no horizontal overflow, meaningful mobile content renders.",/demo/bayview/request-service,"Playwright mobile 393x759 route render, console/page-error capture, horizontal-overflow check, first-fold screenshot.",pass,200 title=Stanley Systems | AI Office Map h1=Request HVAC service,,,pass,/home/jaden/.openclaw/workspace/Stanley-Systems-Landing-Page/qa/browser-screenshots/226-demo__bayview__request-service.png,app/**/page.tsx + app/sitemap.ts + rendered DOM
MOB-227,Site page,Form/interactive flow: /demo/bayview/request-service,"As a mobile visitor, I can see and use the form or interactive flow on /demo/bayview/request-service without layout blocking.",Fields/buttons are visible and large enough for mobile; validation should prevent incomplete submissions; production side-effect submissions require explicit approval before live POST testing.,/demo/bayview/request-service,"Side-effect-safe render inspection. Found 1 form(s), 1 interactive anchors/buttons. No live POST submission performed.",pass,"{""forms"":[{""inputs"":[{""name"":"""",""type"":""input"",""required"":true,""placeholder"":""""},{""name"":"""",""type"":""input"",""required"":true,""placeholder"":""""},{""name"":"""",""type"":""input"",""required"":false,""placeholder"":""""},{""name"":"""",""type"":""input"",""required"":true,""placeholder"":""""},{""name"":"""",""type"":""select"",""required"":false,""placeholder"":""""},{""name"":"""",""type"":""select"",""required"":false,""placeholder"":""""},{""name"":"""",""type"":""input"",""required"":false,""placeholder"":""""},{""name"":"""",""type"":""textarea"",""required"":true,""placeholder"":""""},{""name"":"""",""type"":""checkbox"",""required"":false,""placeholder"":""""}],""submits"":[""Request service""]}]}",,,pass,/home/jaden/.openclaw/workspace/Stanley-Systems-Landing-Page/qa/browser-screenshots/226-demo__bayview__request-service.png,Rendered forms/buttons + source fetch calls searched separately
MOB-228,Industry pages,Mobile page load: /field-service-automation,"As a mobile visitor, I can open /field-service-automation and see usable content without broken rendering.","HTTP 2xx/3xx, no visible app error, no horizontal overflow, meaningful mobile content renders.",/field-service-automation,"Playwright mobile 393x759 route render, console/page-error capture, horizontal-overflow check, first-fold screenshot.",pass,"200 title=Field Service Automation | Stanley Systems h1=Field Service Automation That Moves Jobs, Cash, and Follow-Up Forward",,,pass,/home/jaden/.openclaw/workspace/Stanley-Systems-Landing-Page/qa/browser-screenshots/228-field-service-automation.png,app/**/page.tsx + app/sitemap.ts + rendered DOM
MOB-229,Industry pages,CTA/link: tel:+16179586372,"As a mobile visitor on /field-service-automation, I can tap “tel:+16179586372” and go to the intended destination.",Visible tap target has a valid destination; internal HTTP target resolves successfully; tel/mail links remain device handoffs.,/field-service-automation -> tel:+16179586372,Rendered mobile DOM anchor discovery + safe HTTP target check; no production form submits.,pass,device handoff link present,,,pass,/home/jaden/.openclaw/workspace/Stanley-Systems-Landing-Page/qa/browser-screenshots/228-field-service-automation.png,Rendered mobile DOM anchors
MOB-230,Industry pages,CTA/link: Start Free,"As a mobile visitor on /field-service-automation, I can tap “Start Free” and go to the intended destination.",Visible tap target has a valid destination; internal HTTP target resolves successfully; tel/mail links remain device handoffs.,/field-service-automation -> /ai-office-blueprint,Rendered mobile DOM anchor discovery + safe HTTP target check; no production form submits.,pass,200 https://stanley-systems.com/ai-office-blueprint,,,pass,/home/jaden/.openclaw/workspace/Stanley-Systems-Landing-Page/qa/browser-screenshots/228-field-service-automation.png,Rendered mobile DOM anchors
MOB-231,Industry pages,CTA/link: Map,"As a mobile visitor on /field-service-automation, I can tap “Map” and go to the intended destination.",Visible tap target has a valid destination; internal HTTP target resolves successfully; tel/mail links remain device handoffs.,/field-service-automation -> /ai-office-map,Rendered mobile DOM anchor discovery + safe HTTP target check; no production form submits.,pass,200 https://stanley-systems.com/ai-office-map,,,pass,/home/jaden/.openclaw/workspace/Stanley-Systems-Landing-Page/qa/browser-screenshots/228-field-service-automation.png,Rendered mobile DOM anchors
MOB-232,Industry pages,CTA/link: Stanley Systems,"As a mobile visitor on /field-service-automation, I can tap “Stanley Systems” and go to the intended destination.",Visible tap target has a valid destination; internal HTTP target resolves successfully; tel/mail links remain device handoffs.,/field-service-automation -> /,Rendered mobile DOM anchor discovery + safe HTTP target check; no production form submits.,pass,200 https://stanley-systems.com/,,,pass,/home/jaden/.openclaw/workspace/Stanley-Systems-Landing-Page/qa/browser-screenshots/228-field-service-automation.png,Rendered mobile DOM anchors
MOB-233,Industry pages,CTA/link: Book the AI Office Map,"As a mobile visitor on /field-service-automation, I can tap “Book the AI Office Map” and go to the intended destination.",Visible tap target has a valid destination; internal HTTP target resolves successfully; tel/mail links remain device handoffs.,/field-service-automation -> /ai-office-map,Rendered mobile DOM anchor discovery + safe HTTP target check; no production form submits.,pass,200 https://stanley-systems.com/ai-office-map,,,pass,/home/jaden/.openclaw/workspace/Stanley-Systems-Landing-Page/qa/browser-screenshots/228-field-service-automation.png,Rendered mobile DOM anchors
MOB-234,Industry pages,CTA/link: Calculate Your Admin Drag,"As a mobile visitor on /field-service-automation, I can tap “Calculate Your Admin Drag” and go to the intended destination.",Visible tap target has a valid destination; internal HTTP target resolves successfully; tel/mail links remain device handoffs.,/field-service-automation -> /invoicing-delay-cash-flow-calculator,Rendered mobile DOM anchor discovery + safe HTTP target check; no production form submits.,pass,200 https://stanley-systems.com/invoicing-delay-cash-flow-calculator,,,pass,/home/jaden/.openclaw/workspace/Stanley-Systems-Landing-Page/qa/browser-screenshots/228-field-service-automation.png,Rendered mobile DOM anchors
MOB-235,Industry pages,CTA/link: Who Stanley Systems helps,"As a mobile visitor on /field-service-automation, I can tap “Who Stanley Systems helps” and go to the intended destination.",Visible tap target has a valid destination; internal HTTP target resolves successfully; tel/mail links remain device handoffs.,/field-service-automation -> /who-stanley-systems-helps,Rendered mobile DOM anchor discovery + safe HTTP target check; no production form submits.,pass,200 https://stanley-systems.com/who-stanley-systems-helps,,,pass,/home/jaden/.openclaw/workspace/Stanley-Systems-Landing-Page/qa/browser-screenshots/228-field-service-automation.png,Rendered mobile DOM anchors
MOB-236,Industry pages,CTA/link: AI Office Installation Sprint,"As a mobile visitor on /field-service-automation, I can tap “AI Office Installation Sprint” and go to the intended destination.",Visible tap target has a valid destination; internal HTTP target resolves successfully; tel/mail links remain device handoffs.,/field-service-automation -> /systems-installation-sprint,Rendered mobile DOM anchor discovery + safe HTTP target check; no production form submits.,pass,200 https://stanley-systems.com/systems-installation-sprint,,,pass,/home/jaden/.openclaw/workspace/Stanley-Systems-Landing-Page/qa/browser-screenshots/228-field-service-automation.png,Rendered mobile DOM anchors
MOB-237,Industry pages,Form/interactive flow: /field-service-automation,"As a mobile visitor, I can see and use the form or interactive flow on /field-service-automation without layout blocking.",Fields/buttons are visible and large enough for mobile; validation should prevent incomplete submissions; production side-effect submissions require explicit approval before live POST testing.,/field-service-automation,"Side-effect-safe render inspection. Found 0 form(s), 44 interactive anchors/buttons. No live POST submission performed.",pass,"{""forms"":[]}",,,pass,/home/jaden/.openclaw/workspace/Stanley-Systems-Landing-Page/qa/browser-screenshots/228-field-service-automation.png,Rendered forms/buttons + source fetch calls searched separately
MOB-238,Site page,Mobile page load: /how-the-assessment-works,"As a mobile visitor, I can open /how-the-assessment-works and see usable content without broken rendering.","HTTP 2xx/3xx, no visible app error, no horizontal overflow, meaningful mobile content renders.",/how-the-assessment-works,"Playwright mobile 393x759 route render, console/page-error capture, horizontal-overflow check, first-fold screenshot.",pass,200 title=Stanley Systems | AI Office Map h1=Find the Office Work AI Should Remove First.,,,pass,/home/jaden/.openclaw/workspace/Stanley-Systems-Landing-Page/qa/browser-screenshots/238-how-the-assessment-works.png,app/**/page.tsx + app/sitemap.ts + rendered DOM
MOB-239,Site page,CTA/link: tel:+16179586372,"As a mobile visitor on /how-the-assessment-works, I can tap “tel:+16179586372” and go to the intended destination.",Visible tap target has a valid destination; internal HTTP target resolves successfully; tel/mail links remain device handoffs.,/how-the-assessment-works -> tel:+16179586372,Rendered mobile DOM anchor discovery + safe HTTP target check; no production form submits.,pass,device handoff link present,,,pass,/home/jaden/.openclaw/workspace/Stanley-Systems-Landing-Page/qa/browser-screenshots/238-how-the-assessment-works.png,Rendered mobile DOM anchors
MOB-240,Site page,CTA/link: Start Free,"As a mobile visitor on /how-the-assessment-works, I can tap “Start Free” and go to the intended destination.",Visible tap target has a valid destination; internal HTTP target resolves successfully; tel/mail links remain device handoffs.,/how-the-assessment-works -> /ai-office-blueprint,Rendered mobile DOM anchor discovery + safe HTTP target check; no production form submits.,pass,200 https://stanley-systems.com/ai-office-blueprint,,,pass,/home/jaden/.openclaw/workspace/Stanley-Systems-Landing-Page/qa/browser-screenshots/238-how-the-assessment-works.png,Rendered mobile DOM anchors
MOB-241,Site page,CTA/link: Map,"As a mobile visitor on /how-the-assessment-works, I can tap “Map” and go to the intended destination.",Visible tap target has a valid destination; internal HTTP target resolves successfully; tel/mail links remain device handoffs.,/how-the-assessment-works -> /ai-office-map,Rendered mobile DOM anchor discovery + safe HTTP target check; no production form submits.,pass,200 https://stanley-systems.com/ai-office-map,,,pass,/home/jaden/.openclaw/workspace/Stanley-Systems-Landing-Page/qa/browser-screenshots/238-how-the-assessment-works.png,Rendered mobile DOM anchors
MOB-242,Site page,CTA/link: Stanley Systems,"As a mobile visitor on /how-the-assessment-works, I can tap “Stanley Systems” and go to the intended destination.",Visible tap target has a valid destination; internal HTTP target resolves successfully; tel/mail links remain device handoffs.,/how-the-assessment-works -> /,Rendered mobile DOM anchor discovery + safe HTTP target check; no production form submits.,pass,200 https://stanley-systems.com/,,,pass,/home/jaden/.openclaw/workspace/Stanley-Systems-Landing-Page/qa/browser-screenshots/238-how-the-assessment-works.png,Rendered mobile DOM anchors
MOB-243,Site page,CTA/link: Book the AI Office Map,"As a mobile visitor on /how-the-assessment-works, I can tap “Book the AI Office Map” and go to the intended destination.",Visible tap target has a valid destination; internal HTTP target resolves successfully; tel/mail links remain device handoffs.,/how-the-assessment-works -> https://buy.stripe.com/3cI7sKcHZder5I5cFkg7e09,Rendered mobile DOM anchor discovery + safe HTTP target check; no production form submits.,pass,200 https://buy.stripe.com/3cI7sKcHZder5I5cFkg7e09,,,pass,/home/jaden/.openclaw/workspace/Stanley-Systems-Landing-Page/qa/browser-screenshots/238-how-the-assessment-works.png,Rendered mobile DOM anchors
MOB-244,Site page,CTA/link: Get the Free Blueprint,"As a mobile visitor on /how-the-assessment-works, I can tap “Get the Free Blueprint” and go to the intended destination.",Visible tap target has a valid destination; internal HTTP target resolves successfully; tel/mail links remain device handoffs.,/how-the-assessment-works -> /ai-office-blueprint,Rendered mobile DOM anchor discovery + safe HTTP target check; no production form submits.,pass,200 https://stanley-systems.com/ai-office-blueprint,,,pass,/home/jaden/.openclaw/workspace/Stanley-Systems-Landing-Page/qa/browser-screenshots/238-how-the-assessment-works.png,Rendered mobile DOM anchors
MOB-245,Site page,CTA/link: Buy the AI Office Map,"As a mobile visitor on /how-the-assessment-works, I can tap “Buy the AI Office Map” and go to the intended destination.",Visible tap target has a valid destination; internal HTTP target resolves successfully; tel/mail links remain device handoffs.,/how-the-assessment-works -> https://buy.stripe.com/3cI7sKcHZder5I5cFkg7e09,Rendered mobile DOM anchor discovery + safe HTTP target check; no production form submits.,pass,200 https://buy.stripe.com/3cI7sKcHZder5I5cFkg7e09,,,pass,/home/jaden/.openclaw/workspace/Stanley-Systems-Landing-Page/qa/browser-screenshots/238-how-the-assessment-works.png,Rendered mobile DOM anchors
MOB-246,Site page,CTA/link: Privacy Policy,"As a mobile visitor on /how-the-assessment-works, I can tap “Privacy Policy” and go to the intended destination.",Visible tap target has a valid destination; internal HTTP target resolves successfully; tel/mail links remain device handoffs.,/how-the-assessment-works -> /privacy-policy,Rendered mobile DOM anchor discovery + safe HTTP target check; no production form submits.,pass,200 https://stanley-systems.com/privacy-policy,,,pass,/home/jaden/.openclaw/workspace/Stanley-Systems-Landing-Page/qa/browser-screenshots/238-how-the-assessment-works.png,Rendered mobile DOM anchors
MOB-247,Site page,Form/interactive flow: /how-the-assessment-works,"As a mobile visitor, I can see and use the form or interactive flow on /how-the-assessment-works without layout blocking.",Fields/buttons are visible and large enough for mobile; validation should prevent incomplete submissions; production side-effect submissions require explicit approval before live POST testing.,/how-the-assessment-works,"Side-effect-safe render inspection. Found 1 form(s), 44 interactive anchors/buttons. No live POST submission performed.",pass,"{""forms"":[{""inputs"":[{""name"":"""",""type"":""text"",""required"":true,""placeholder"":""Jane Smith""},{""name"":"""",""type"":""text"",""required"":true,""placeholder"":""Company name""},{""name"":"""",""type"":""email"",""required"":true,""placeholder"":""jane@company.com""},{""name"":"""",""type"":""tel"",""required"":false,""placeholder"":""+1 (555) 123-4567""},{""name"":"""",""type"":""text"",""required"":true,""placeholder"":""HVAC, plumbing, marine, electrical, landscaping, etc.""},{""name"":"""",""type"":""textarea"",""required"":true,""placeholder"":""Example: I want to know if this can help with billing prep, estimate follow-up, job notes, or admin handoffs.""},{""name"":"""",""type"":""checkbox"",""required"":false,""placeholder"":""""}],""submits"":[""Send info request""]}]}",,,pass,/home/jaden/.openclaw/workspace/Stanley-Systems-Landing-Page/qa/browser-screenshots/238-how-the-assessment-works.png,Rendered forms/buttons + source fetch calls searched separately
MOB-248,Industry pages,Mobile page load: /industries/adjacent-service-businesses,"As a mobile visitor, I can open /industries/adjacent-service-businesses and see usable content without broken rendering.","HTTP 2xx/3xx, no visible app error, no horizontal overflow, meaningful mobile content renders.",/industries/adjacent-service-businesses,"Playwright mobile 393x759 route render, console/page-error capture, horizontal-overflow check, first-fold screenshot.",pass,200 title=Service Businesses AI Office Workflows | Stanley Systems h1=More jobs processed. Cleaner records. Faster follow-up. Same office team.,,,pass,/home/jaden/.openclaw/workspace/Stanley-Systems-Landing-Page/qa/browser-screenshots/248-industries__adjacent-service-businesses.png,app/**/page.tsx + app/sitemap.ts + rendered DOM
MOB-249,Industry pages,CTA/link: tel:+16179586372,"As a mobile visitor on /industries/adjacent-service-businesses, I can tap “tel:+16179586372” and go to the intended destination.",Visible tap target has a valid destination; internal HTTP target resolves successfully; tel/mail links remain device handoffs.,/industries/adjacent-service-businesses -> tel:+16179586372,Rendered mobile DOM anchor discovery + safe HTTP target check; no production form submits.,pass,device handoff link present,,,pass,/home/jaden/.openclaw/workspace/Stanley-Systems-Landing-Page/qa/browser-screenshots/248-industries__adjacent-service-businesses.png,Rendered mobile DOM anchors
MOB-250,Industry pages,CTA/link: Start Free,"As a mobile visitor on /industries/adjacent-service-businesses, I can tap “Start Free” and go to the intended destination.",Visible tap target has a valid destination; internal HTTP target resolves successfully; tel/mail links remain device handoffs.,/industries/adjacent-service-businesses -> /ai-office-blueprint,Rendered mobile DOM anchor discovery + safe HTTP target check; no production form submits.,pass,200 https://stanley-systems.com/ai-office-blueprint,,,pass,/home/jaden/.openclaw/workspace/Stanley-Systems-Landing-Page/qa/browser-screenshots/248-industries__adjacent-service-businesses.png,Rendered mobile DOM anchors
MOB-251,Industry pages,CTA/link: Map,"As a mobile visitor on /industries/adjacent-service-businesses, I can tap “Map” and go to the intended destination.",Visible tap target has a valid destination; internal HTTP target resolves successfully; tel/mail links remain device handoffs.,/industries/adjacent-service-businesses -> /ai-office-map,Rendered mobile DOM anchor discovery + safe HTTP target check; no production form submits.,pass,200 https://stanley-systems.com/ai-office-map,,,pass,/home/jaden/.openclaw/workspace/Stanley-Systems-Landing-Page/qa/browser-screenshots/248-industries__adjacent-service-businesses.png,Rendered mobile DOM anchors
MOB-252,Industry pages,CTA/link: Stanley Systems,"As a mobile visitor on /industries/adjacent-service-businesses, I can tap “Stanley Systems” and go to the intended destination.",Visible tap target has a valid destination; internal HTTP target resolves successfully; tel/mail links remain device handoffs.,/industries/adjacent-service-businesses -> /,Rendered mobile DOM anchor discovery + safe HTTP target check; no production form submits.,pass,200 https://stanley-systems.com/,,,pass,/home/jaden/.openclaw/workspace/Stanley-Systems-Landing-Page/qa/browser-screenshots/248-industries__adjacent-service-businesses.png,Rendered mobile DOM anchors
MOB-253,Industry pages,CTA/link: Calculate Your Admin Drag,"As a mobile visitor on /industries/adjacent-service-businesses, I can tap “Calculate Your Admin Drag” and go to the intended destination.",Visible tap target has a valid destination; internal HTTP target resolves successfully; tel/mail links remain device handoffs.,/industries/adjacent-service-businesses -> /invoicing-delay-cash-flow-calculator,Rendered mobile DOM anchor discovery + safe HTTP target check; no production form submits.,pass,200 https://stanley-systems.com/invoicing-delay-cash-flow-calculator,,,pass,/home/jaden/.openclaw/workspace/Stanley-Systems-Landing-Page/qa/browser-screenshots/248-industries__adjacent-service-businesses.png,Rendered mobile DOM anchors
MOB-254,Industry pages,CTA/link: Book the AI Office Map,"As a mobile visitor on /industries/adjacent-service-businesses, I can tap “Book the AI Office Map” and go to the intended destination.",Visible tap target has a valid destination; internal HTTP target resolves successfully; tel/mail links remain device handoffs.,/industries/adjacent-service-businesses -> /ai-office-map,Rendered mobile DOM anchor discovery + safe HTTP target check; no production form submits.,pass,200 https://stanley-systems.com/ai-office-map,,,pass,/home/jaden/.openclaw/workspace/Stanley-Systems-Landing-Page/qa/browser-screenshots/248-industries__adjacent-service-businesses.png,Rendered mobile DOM anchors
MOB-255,Industry pages,CTA/link: AI Office Map,"As a mobile visitor on /industries/adjacent-service-businesses, I can tap “AI Office Map” and go to the intended destination.",Visible tap target has a valid destination; internal HTTP target resolves successfully; tel/mail links remain device handoffs.,/industries/adjacent-service-businesses -> /ai-office-map,Rendered mobile DOM anchor discovery + safe HTTP target check; no production form submits.,pass,200 https://stanley-systems.com/ai-office-map,,,pass,/home/jaden/.openclaw/workspace/Stanley-Systems-Landing-Page/qa/browser-screenshots/248-industries__adjacent-service-businesses.png,Rendered mobile DOM anchors
MOB-256,Industry pages,CTA/link: Free AI Office Blueprint,"As a mobile visitor on /industries/adjacent-service-businesses, I can tap “Free AI Office Blueprint” and go to the intended destination.",Visible tap target has a valid destination; internal HTTP target resolves successfully; tel/mail links remain device handoffs.,/industries/adjacent-service-businesses -> /ai-office-blueprint,Rendered mobile DOM anchor discovery + safe HTTP target check; no production form submits.,pass,200 https://stanley-systems.com/ai-office-blueprint,,,pass,/home/jaden/.openclaw/workspace/Stanley-Systems-Landing-Page/qa/browser-screenshots/248-industries__adjacent-service-businesses.png,Rendered mobile DOM anchors
MOB-257,Industry pages,Form/interactive flow: /industries/adjacent-service-businesses,"As a mobile visitor, I can see and use the form or interactive flow on /industries/adjacent-service-businesses without layout blocking.",Fields/buttons are visible and large enough for mobile; validation should prevent incomplete submissions; production side-effect submissions require explicit approval before live POST testing.,/industries/adjacent-service-businesses,"Side-effect-safe render inspection. Found 0 form(s), 40 interactive anchors/buttons. No live POST submission performed.",pass,"{""forms"":[]}",,,pass,/home/jaden/.openclaw/workspace/Stanley-Systems-Landing-Page/qa/browser-screenshots/248-industries__adjacent-service-businesses.png,Rendered forms/buttons + source fetch calls searched separately
MOB-258,Industry pages,Mobile page load: /industries/electrical,"As a mobile visitor, I can open /industries/electrical and see usable content without broken rendering.","HTTP 2xx/3xx, no visible app error, no horizontal overflow, meaningful mobile content renders.",/industries/electrical,"Playwright mobile 393x759 route render, console/page-error capture, horizontal-overflow check, first-fold screenshot.",pass,200 title=Electrical AI Office Workflows | Stanley Systems h1=More jobs processed. Cleaner records. Faster follow-up. Same office team.,,,pass,/home/jaden/.openclaw/workspace/Stanley-Systems-Landing-Page/qa/browser-screenshots/258-industries__electrical.png,app/**/page.tsx + app/sitemap.ts + rendered DOM
MOB-259,Industry pages,CTA/link: tel:+16179586372,"As a mobile visitor on /industries/electrical, I can tap “tel:+16179586372” and go to the intended destination.",Visible tap target has a valid destination; internal HTTP target resolves successfully; tel/mail links remain device handoffs.,/industries/electrical -> tel:+16179586372,Rendered mobile DOM anchor discovery + safe HTTP target check; no production form submits.,pass,device handoff link present,,,pass,/home/jaden/.openclaw/workspace/Stanley-Systems-Landing-Page/qa/browser-screenshots/258-industries__electrical.png,Rendered mobile DOM anchors
MOB-260,Industry pages,CTA/link: Start Free,"As a mobile visitor on /industries/electrical, I can tap “Start Free” and go to the intended destination.",Visible tap target has a valid destination; internal HTTP target resolves successfully; tel/mail links remain device handoffs.,/industries/electrical -> /ai-office-blueprint,Rendered mobile DOM anchor discovery + safe HTTP target check; no production form submits.,pass,200 https://stanley-systems.com/ai-office-blueprint,,,pass,/home/jaden/.openclaw/workspace/Stanley-Systems-Landing-Page/qa/browser-screenshots/258-industries__electrical.png,Rendered mobile DOM anchors
MOB-261,Industry pages,CTA/link: Map,"As a mobile visitor on /industries/electrical, I can tap “Map” and go to the intended destination.",Visible tap target has a valid destination; internal HTTP target resolves successfully; tel/mail links remain device handoffs.,/industries/electrical -> /ai-office-map,Rendered mobile DOM anchor discovery + safe HTTP target check; no production form submits.,pass,200 https://stanley-systems.com/ai-office-map,,,pass,/home/jaden/.openclaw/workspace/Stanley-Systems-Landing-Page/qa/browser-screenshots/258-industries__electrical.png,Rendered mobile DOM anchors
MOB-262,Industry pages,CTA/link: Stanley Systems,"As a mobile visitor on /industries/electrical, I can tap “Stanley Systems” and go to the intended destination.",Visible tap target has a valid destination; internal HTTP target resolves successfully; tel/mail links remain device handoffs.,/industries/electrical -> /,Rendered mobile DOM anchor discovery + safe HTTP target check; no production form submits.,pass,200 https://stanley-systems.com/,,,pass,/home/jaden/.openclaw/workspace/Stanley-Systems-Landing-Page/qa/browser-screenshots/258-industries__electrical.png,Rendered mobile DOM anchors
MOB-263,Industry pages,CTA/link: Calculate Your Admin Drag,"As a mobile visitor on /industries/electrical, I can tap “Calculate Your Admin Drag” and go to the intended destination.",Visible tap target has a valid destination; internal HTTP target resolves successfully; tel/mail links remain device handoffs.,/industries/electrical -> /invoicing-delay-cash-flow-calculator,Rendered mobile DOM anchor discovery + safe HTTP target check; no production form submits.,pass,200 https://stanley-systems.com/invoicing-delay-cash-flow-calculator,,,pass,/home/jaden/.openclaw/workspace/Stanley-Systems-Landing-Page/qa/browser-screenshots/258-industries__electrical.png,Rendered mobile DOM anchors
MOB-264,Industry pages,CTA/link: Book the AI Office Map,"As a mobile visitor on /industries/electrical, I can tap “Book the AI Office Map” and go to the intended destination.",Visible tap target has a valid destination; internal HTTP target resolves successfully; tel/mail links remain device handoffs.,/industries/electrical -> /ai-office-map,Rendered mobile DOM anchor discovery + safe HTTP target check; no production form submits.,pass,200 https://stanley-systems.com/ai-office-map,,,pass,/home/jaden/.openclaw/workspace/Stanley-Systems-Landing-Page/qa/browser-screenshots/258-industries__electrical.png,Rendered mobile DOM anchors
MOB-265,Industry pages,CTA/link: AI Office Map,"As a mobile visitor on /industries/electrical, I can tap “AI Office Map” and go to the intended destination.",Visible tap target has a valid destination; internal HTTP target resolves successfully; tel/mail links remain device handoffs.,/industries/electrical -> /ai-office-map,Rendered mobile DOM anchor discovery + safe HTTP target check; no production form submits.,pass,200 https://stanley-systems.com/ai-office-map,,,pass,/home/jaden/.openclaw/workspace/Stanley-Systems-Landing-Page/qa/browser-screenshots/258-industries__electrical.png,Rendered mobile DOM anchors
MOB-266,Industry pages,CTA/link: Free AI Office Blueprint,"As a mobile visitor on /industries/electrical, I can tap “Free AI Office Blueprint” and go to the intended destination.",Visible tap target has a valid destination; internal HTTP target resolves successfully; tel/mail links remain device handoffs.,/industries/electrical -> /ai-office-blueprint,Rendered mobile DOM anchor discovery + safe HTTP target check; no production form submits.,pass,200 https://stanley-systems.com/ai-office-blueprint,,,pass,/home/jaden/.openclaw/workspace/Stanley-Systems-Landing-Page/qa/browser-screenshots/258-industries__electrical.png,Rendered mobile DOM anchors
MOB-267,Industry pages,Form/interactive flow: /industries/electrical,"As a mobile visitor, I can see and use the form or interactive flow on /industries/electrical without layout blocking.",Fields/buttons are visible and large enough for mobile; validation should prevent incomplete submissions; production side-effect submissions require explicit approval before live POST testing.,/industries/electrical,"Side-effect-safe render inspection. Found 0 form(s), 40 interactive anchors/buttons. No live POST submission performed.",pass,"{""forms"":[]}",,,pass,/home/jaden/.openclaw/workspace/Stanley-Systems-Landing-Page/qa/browser-screenshots/258-industries__electrical.png,Rendered forms/buttons + source fetch calls searched separately
MOB-268,Industry pages,Mobile page load: /industries/general-contractors,"As a mobile visitor, I can open /industries/general-contractors and see usable content without broken rendering.","HTTP 2xx/3xx, no visible app error, no horizontal overflow, meaningful mobile content renders.",/industries/general-contractors,"Playwright mobile 393x759 route render, console/page-error capture, horizontal-overflow check, first-fold screenshot.",pass,200 title=General Contractors AI Office Workflows | Stanley Systems h1=More jobs processed. Cleaner records. Faster follow-up. Same office team.,,,pass,/home/jaden/.openclaw/workspace/Stanley-Systems-Landing-Page/qa/browser-screenshots/268-industries__general-contractors.png,app/**/page.tsx + app/sitemap.ts + rendered DOM
MOB-269,Industry pages,CTA/link: tel:+16179586372,"As a mobile visitor on /industries/general-contractors, I can tap “tel:+16179586372” and go to the intended destination.",Visible tap target has a valid destination; internal HTTP target resolves successfully; tel/mail links remain device handoffs.,/industries/general-contractors -> tel:+16179586372,Rendered mobile DOM anchor discovery + safe HTTP target check; no production form submits.,pass,device handoff link present,,,pass,/home/jaden/.openclaw/workspace/Stanley-Systems-Landing-Page/qa/browser-screenshots/268-industries__general-contractors.png,Rendered mobile DOM anchors
MOB-270,Industry pages,CTA/link: Start Free,"As a mobile visitor on /industries/general-contractors, I can tap “Start Free” and go to the intended destination.",Visible tap target has a valid destination; internal HTTP target resolves successfully; tel/mail links remain device handoffs.,/industries/general-contractors -> /ai-office-blueprint,Rendered mobile DOM anchor discovery + safe HTTP target check; no production form submits.,pass,200 https://stanley-systems.com/ai-office-blueprint,,,pass,/home/jaden/.openclaw/workspace/Stanley-Systems-Landing-Page/qa/browser-screenshots/268-industries__general-contractors.png,Rendered mobile DOM anchors
MOB-271,Industry pages,CTA/link: Map,"As a mobile visitor on /industries/general-contractors, I can tap “Map” and go to the intended destination.",Visible tap target has a valid destination; internal HTTP target resolves successfully; tel/mail links remain device handoffs.,/industries/general-contractors -> /ai-office-map,Rendered mobile DOM anchor discovery + safe HTTP target check; no production form submits.,pass,200 https://stanley-systems.com/ai-office-map,,,pass,/home/jaden/.openclaw/workspace/Stanley-Systems-Landing-Page/qa/browser-screenshots/268-industries__general-contractors.png,Rendered mobile DOM anchors
MOB-272,Industry pages,CTA/link: Stanley Systems,"As a mobile visitor on /industries/general-contractors, I can tap “Stanley Systems” and go to the intended destination.",Visible tap target has a valid destination; internal HTTP target resolves successfully; tel/mail links remain device handoffs.,/industries/general-contractors -> /,Rendered mobile DOM anchor discovery + safe HTTP target check; no production form submits.,pass,200 https://stanley-systems.com/,,,pass,/home/jaden/.openclaw/workspace/Stanley-Systems-Landing-Page/qa/browser-screenshots/268-industries__general-contractors.png,Rendered mobile DOM anchors
MOB-273,Industry pages,CTA/link: Calculate Your Admin Drag,"As a mobile visitor on /industries/general-contractors, I can tap “Calculate Your Admin Drag” and go to the intended destination.",Visible tap target has a valid destination; internal HTTP target resolves successfully; tel/mail links remain device handoffs.,/industries/general-contractors -> /invoicing-delay-cash-flow-calculator,Rendered mobile DOM anchor discovery + safe HTTP target check; no production form submits.,pass,200 https://stanley-systems.com/invoicing-delay-cash-flow-calculator,,,pass,/home/jaden/.openclaw/workspace/Stanley-Systems-Landing-Page/qa/browser-screenshots/268-industries__general-contractors.png,Rendered mobile DOM anchors
MOB-274,Industry pages,CTA/link: Book the AI Office Map,"As a mobile visitor on /industries/general-contractors, I can tap “Book the AI Office Map” and go to the intended destination.",Visible tap target has a valid destination; internal HTTP target resolves successfully; tel/mail links remain device handoffs.,/industries/general-contractors -> /ai-office-map,Rendered mobile DOM anchor discovery + safe HTTP target check; no production form submits.,pass,200 https://stanley-systems.com/ai-office-map,,,pass,/home/jaden/.openclaw/workspace/Stanley-Systems-Landing-Page/qa/browser-screenshots/268-industries__general-contractors.png,Rendered mobile DOM anchors
MOB-275,Industry pages,CTA/link: AI Office Map,"As a mobile visitor on /industries/general-contractors, I can tap “AI Office Map” and go to the intended destination.",Visible tap target has a valid destination; internal HTTP target resolves successfully; tel/mail links remain device handoffs.,/industries/general-contractors -> /ai-office-map,Rendered mobile DOM anchor discovery + safe HTTP target check; no production form submits.,pass,200 https://stanley-systems.com/ai-office-map,,,pass,/home/jaden/.openclaw/workspace/Stanley-Systems-Landing-Page/qa/browser-screenshots/268-industries__general-contractors.png,Rendered mobile DOM anchors
MOB-276,Industry pages,CTA/link: Free AI Office Blueprint,"As a mobile visitor on /industries/general-contractors, I can tap “Free AI Office Blueprint” and go to the intended destination.",Visible tap target has a valid destination; internal HTTP target resolves successfully; tel/mail links remain device handoffs.,/industries/general-contractors -> /ai-office-blueprint,Rendered mobile DOM anchor discovery + safe HTTP target check; no production form submits.,pass,200 https://stanley-systems.com/ai-office-blueprint,,,pass,/home/jaden/.openclaw/workspace/Stanley-Systems-Landing-Page/qa/browser-screenshots/268-industries__general-contractors.png,Rendered mobile DOM anchors
MOB-277,Industry pages,Form/interactive flow: /industries/general-contractors,"As a mobile visitor, I can see and use the form or interactive flow on /industries/general-contractors without layout blocking.",Fields/buttons are visible and large enough for mobile; validation should prevent incomplete submissions; production side-effect submissions require explicit approval before live POST testing.,/industries/general-contractors,"Side-effect-safe render inspection. Found 0 form(s), 40 interactive anchors/buttons. No live POST submission performed.",pass,"{""forms"":[]}",,,pass,/home/jaden/.openclaw/workspace/Stanley-Systems-Landing-Page/qa/browser-screenshots/268-industries__general-contractors.png,Rendered forms/buttons + source fetch calls searched separately
MOB-278,Industry pages,Mobile page load: /industries/hvac,"As a mobile visitor, I can open /industries/hvac and see usable content without broken rendering.","HTTP 2xx/3xx, no visible app error, no horizontal overflow, meaningful mobile content renders.",/industries/hvac,"Playwright mobile 393x759 route render, console/page-error capture, horizontal-overflow check, first-fold screenshot.",pass,200 title=HVAC AI Office Workflows | Stanley Systems h1=More jobs processed. Cleaner records. Faster follow-up. Same office team.,,,pass,/home/jaden/.openclaw/workspace/Stanley-Systems-Landing-Page/qa/browser-screenshots/278-industries__hvac.png,app/**/page.tsx + app/sitemap.ts + rendered DOM
MOB-279,Industry pages,CTA/link: tel:+16179586372,"As a mobile visitor on /industries/hvac, I can tap “tel:+16179586372” and go to the intended destination.",Visible tap target has a valid destination; internal HTTP target resolves successfully; tel/mail links remain device handoffs.,/industries/hvac -> tel:+16179586372,Rendered mobile DOM anchor discovery + safe HTTP target check; no production form submits.,pass,device handoff link present,,,pass,/home/jaden/.openclaw/workspace/Stanley-Systems-Landing-Page/qa/browser-screenshots/278-industries__hvac.png,Rendered mobile DOM anchors
MOB-280,Industry pages,CTA/link: Start Free,"As a mobile visitor on /industries/hvac, I can tap “Start Free” and go to the intended destination.",Visible tap target has a valid destination; internal HTTP target resolves successfully; tel/mail links remain device handoffs.,/industries/hvac -> /ai-office-blueprint,Rendered mobile DOM anchor discovery + safe HTTP target check; no production form submits.,pass,200 https://stanley-systems.com/ai-office-blueprint,,,pass,/home/jaden/.openclaw/workspace/Stanley-Systems-Landing-Page/qa/browser-screenshots/278-industries__hvac.png,Rendered mobile DOM anchors
MOB-281,Industry pages,CTA/link: Map,"As a mobile visitor on /industries/hvac, I can tap “Map” and go to the intended destination.",Visible tap target has a valid destination; internal HTTP target resolves successfully; tel/mail links remain device handoffs.,/industries/hvac -> /ai-office-map,Rendered mobile DOM anchor discovery + safe HTTP target check; no production form submits.,pass,200 https://stanley-systems.com/ai-office-map,,,pass,/home/jaden/.openclaw/workspace/Stanley-Systems-Landing-Page/qa/browser-screenshots/278-industries__hvac.png,Rendered mobile DOM anchors
MOB-282,Industry pages,CTA/link: Stanley Systems,"As a mobile visitor on /industries/hvac, I can tap “Stanley Systems” and go to the intended destination.",Visible tap target has a valid destination; internal HTTP target resolves successfully; tel/mail links remain device handoffs.,/industries/hvac -> /,Rendered mobile DOM anchor discovery + safe HTTP target check; no production form submits.,pass,200 https://stanley-systems.com/,,,pass,/home/jaden/.openclaw/workspace/Stanley-Systems-Landing-Page/qa/browser-screenshots/278-industries__hvac.png,Rendered mobile DOM anchors
MOB-283,Industry pages,CTA/link: Calculate Your Admin Drag,"As a mobile visitor on /industries/hvac, I can tap “Calculate Your Admin Drag” and go to the intended destination.",Visible tap target has a valid destination; internal HTTP target resolves successfully; tel/mail links remain device handoffs.,/industries/hvac -> /invoicing-delay-cash-flow-calculator,Rendered mobile DOM anchor discovery + safe HTTP target check; no production form submits.,pass,200 https://stanley-systems.com/invoicing-delay-cash-flow-calculator,,,pass,/home/jaden/.openclaw/workspace/Stanley-Systems-Landing-Page/qa/browser-screenshots/278-industries__hvac.png,Rendered mobile DOM anchors
MOB-284,Industry pages,CTA/link: Book the AI Office Map,"As a mobile visitor on /industries/hvac, I can tap “Book the AI Office Map” and go to the intended destination.",Visible tap target has a valid destination; internal HTTP target resolves successfully; tel/mail links remain device handoffs.,/industries/hvac -> /ai-office-map,Rendered mobile DOM anchor discovery + safe HTTP target check; no production form submits.,pass,200 https://stanley-systems.com/ai-office-map,,,pass,/home/jaden/.openclaw/workspace/Stanley-Systems-Landing-Page/qa/browser-screenshots/278-industries__hvac.png,Rendered mobile DOM anchors
MOB-285,Industry pages,CTA/link: AI Office Map,"As a mobile visitor on /industries/hvac, I can tap “AI Office Map” and go to the intended destination.",Visible tap target has a valid destination; internal HTTP target resolves successfully; tel/mail links remain device handoffs.,/industries/hvac -> /ai-office-map,Rendered mobile DOM anchor discovery + safe HTTP target check; no production form submits.,pass,200 https://stanley-systems.com/ai-office-map,,,pass,/home/jaden/.openclaw/workspace/Stanley-Systems-Landing-Page/qa/browser-screenshots/278-industries__hvac.png,Rendered mobile DOM anchors
MOB-286,Industry pages,CTA/link: Free AI Office Blueprint,"As a mobile visitor on /industries/hvac, I can tap “Free AI Office Blueprint” and go to the intended destination.",Visible tap target has a valid destination; internal HTTP target resolves successfully; tel/mail links remain device handoffs.,/industries/hvac -> /ai-office-blueprint,Rendered mobile DOM anchor discovery + safe HTTP target check; no production form submits.,pass,200 https://stanley-systems.com/ai-office-blueprint,,,pass,/home/jaden/.openclaw/workspace/Stanley-Systems-Landing-Page/qa/browser-screenshots/278-industries__hvac.png,Rendered mobile DOM anchors
MOB-287,Industry pages,Form/interactive flow: /industries/hvac,"As a mobile visitor, I can see and use the form or interactive flow on /industries/hvac without layout blocking.",Fields/buttons are visible and large enough for mobile; validation should prevent incomplete submissions; production side-effect submissions require explicit approval before live POST testing.,/industries/hvac,"Side-effect-safe render inspection. Found 0 form(s), 40 interactive anchors/buttons. No live POST submission performed.",pass,"{""forms"":[]}",,,pass,/home/jaden/.openclaw/workspace/Stanley-Systems-Landing-Page/qa/browser-screenshots/278-industries__hvac.png,Rendered forms/buttons + source fetch calls searched separately
MOB-288,Industry pages,Mobile page load: /industries/landscaping,"As a mobile visitor, I can open /industries/landscaping and see usable content without broken rendering.","HTTP 2xx/3xx, no visible app error, no horizontal overflow, meaningful mobile content renders.",/industries/landscaping,"Playwright mobile 393x759 route render, console/page-error capture, horizontal-overflow check, first-fold screenshot.",pass,200 title=Landscaping AI Office Workflows | Stanley Systems h1=More jobs processed. Cleaner records. Faster follow-up. Same office team.,,,pass,/home/jaden/.openclaw/workspace/Stanley-Systems-Landing-Page/qa/browser-screenshots/288-industries__landscaping.png,app/**/page.tsx + app/sitemap.ts + rendered DOM
MOB-289,Industry pages,CTA/link: tel:+16179586372,"As a mobile visitor on /industries/landscaping, I can tap “tel:+16179586372” and go to the intended destination.",Visible tap target has a valid destination; internal HTTP target resolves successfully; tel/mail links remain device handoffs.,/industries/landscaping -> tel:+16179586372,Rendered mobile DOM anchor discovery + safe HTTP target check; no production form submits.,pass,device handoff link present,,,pass,/home/jaden/.openclaw/workspace/Stanley-Systems-Landing-Page/qa/browser-screenshots/288-industries__landscaping.png,Rendered mobile DOM anchors
MOB-290,Industry pages,CTA/link: Start Free,"As a mobile visitor on /industries/landscaping, I can tap “Start Free” and go to the intended destination.",Visible tap target has a valid destination; internal HTTP target resolves successfully; tel/mail links remain device handoffs.,/industries/landscaping -> /ai-office-blueprint,Rendered mobile DOM anchor discovery + safe HTTP target check; no production form submits.,pass,200 https://stanley-systems.com/ai-office-blueprint,,,pass,/home/jaden/.openclaw/workspace/Stanley-Systems-Landing-Page/qa/browser-screenshots/288-industries__landscaping.png,Rendered mobile DOM anchors
MOB-291,Industry pages,CTA/link: Map,"As a mobile visitor on /industries/landscaping, I can tap “Map” and go to the intended destination.",Visible tap target has a valid destination; internal HTTP target resolves successfully; tel/mail links remain device handoffs.,/industries/landscaping -> /ai-office-map,Rendered mobile DOM anchor discovery + safe HTTP target check; no production form submits.,pass,200 https://stanley-systems.com/ai-office-map,,,pass,/home/jaden/.openclaw/workspace/Stanley-Systems-Landing-Page/qa/browser-screenshots/288-industries__landscaping.png,Rendered mobile DOM anchors
MOB-292,Industry pages,CTA/link: Stanley Systems,"As a mobile visitor on /industries/landscaping, I can tap “Stanley Systems” and go to the intended destination.",Visible tap target has a valid destination; internal HTTP target resolves successfully; tel/mail links remain device handoffs.,/industries/landscaping -> /,Rendered mobile DOM anchor discovery + safe HTTP target check; no production form submits.,pass,200 https://stanley-systems.com/,,,pass,/home/jaden/.openclaw/workspace/Stanley-Systems-Landing-Page/qa/browser-screenshots/288-industries__landscaping.png,Rendered mobile DOM anchors
MOB-293,Industry pages,CTA/link: Calculate Your Admin Drag,"As a mobile visitor on /industries/landscaping, I can tap “Calculate Your Admin Drag” and go to the intended destination.",Visible tap target has a valid destination; internal HTTP target resolves successfully; tel/mail links remain device handoffs.,/industries/landscaping -> /invoicing-delay-cash-flow-calculator,Rendered mobile DOM anchor discovery + safe HTTP target check; no production form submits.,pass,200 https://stanley-systems.com/invoicing-delay-cash-flow-calculator,,,pass,/home/jaden/.openclaw/workspace/Stanley-Systems-Landing-Page/qa/browser-screenshots/288-industries__landscaping.png,Rendered mobile DOM anchors
MOB-294,Industry pages,CTA/link: Book the AI Office Map,"As a mobile visitor on /industries/landscaping, I can tap “Book the AI Office Map” and go to the intended destination.",Visible tap target has a valid destination; internal HTTP target resolves successfully; tel/mail links remain device handoffs.,/industries/landscaping -> /ai-office-map,Rendered mobile DOM anchor discovery + safe HTTP target check; no production form submits.,pass,200 https://stanley-systems.com/ai-office-map,,,pass,/home/jaden/.openclaw/workspace/Stanley-Systems-Landing-Page/qa/browser-screenshots/288-industries__landscaping.png,Rendered mobile DOM anchors
MOB-295,Industry pages,CTA/link: AI Office Map,"As a mobile visitor on /industries/landscaping, I can tap “AI Office Map” and go to the intended destination.",Visible tap target has a valid destination; internal HTTP target resolves successfully; tel/mail links remain device handoffs.,/industries/landscaping -> /ai-office-map,Rendered mobile DOM anchor discovery + safe HTTP target check; no production form submits.,pass,200 https://stanley-systems.com/ai-office-map,,,pass,/home/jaden/.openclaw/workspace/Stanley-Systems-Landing-Page/qa/browser-screenshots/288-industries__landscaping.png,Rendered mobile DOM anchors
MOB-296,Industry pages,CTA/link: Free AI Office Blueprint,"As a mobile visitor on /industries/landscaping, I can tap “Free AI Office Blueprint” and go to the intended destination.",Visible tap target has a valid destination; internal HTTP target resolves successfully; tel/mail links remain device handoffs.,/industries/landscaping -> /ai-office-blueprint,Rendered mobile DOM anchor discovery + safe HTTP target check; no production form submits.,pass,200 https://stanley-systems.com/ai-office-blueprint,,,pass,/home/jaden/.openclaw/workspace/Stanley-Systems-Landing-Page/qa/browser-screenshots/288-industries__landscaping.png,Rendered mobile DOM anchors
MOB-297,Industry pages,Form/interactive flow: /industries/landscaping,"As a mobile visitor, I can see and use the form or interactive flow on /industries/landscaping without layout blocking.",Fields/buttons are visible and large enough for mobile; validation should prevent incomplete submissions; production side-effect submissions require explicit approval before live POST testing.,/industries/landscaping,"Side-effect-safe render inspection. Found 0 form(s), 40 interactive anchors/buttons. No live POST submission performed.",pass,"{""forms"":[]}",,,pass,/home/jaden/.openclaw/workspace/Stanley-Systems-Landing-Page/qa/browser-screenshots/288-industries__landscaping.png,Rendered forms/buttons + source fetch calls searched separately
MOB-298,Industry pages,Mobile page load: /industries/marine,"As a mobile visitor, I can open /industries/marine and see usable content without broken rendering.","HTTP 2xx/3xx, no visible app error, no horizontal overflow, meaningful mobile content renders.",/industries/marine,"Playwright mobile 393x759 route render, console/page-error capture, horizontal-overflow check, first-fold screenshot.",pass,200 title=Marine Service AI Office Workflows | Stanley Systems h1=More jobs processed. Cleaner records. Faster follow-up. Same office team.,,,pass,/home/jaden/.openclaw/workspace/Stanley-Systems-Landing-Page/qa/browser-screenshots/298-industries__marine.png,app/**/page.tsx + app/sitemap.ts + rendered DOM
MOB-299,Industry pages,CTA/link: tel:+16179586372,"As a mobile visitor on /industries/marine, I can tap “tel:+16179586372” and go to the intended destination.",Visible tap target has a valid destination; internal HTTP target resolves successfully; tel/mail links remain device handoffs.,/industries/marine -> tel:+16179586372,Rendered mobile DOM anchor discovery + safe HTTP target check; no production form submits.,pass,device handoff link present,,,pass,/home/jaden/.openclaw/workspace/Stanley-Systems-Landing-Page/qa/browser-screenshots/298-industries__marine.png,Rendered mobile DOM anchors
MOB-300,Industry pages,CTA/link: Start Free,"As a mobile visitor on /industries/marine, I can tap “Start Free” and go to the intended destination.",Visible tap target has a valid destination; internal HTTP target resolves successfully; tel/mail links remain device handoffs.,/industries/marine -> /ai-office-blueprint,Rendered mobile DOM anchor discovery + safe HTTP target check; no production form submits.,pass,200 https://stanley-systems.com/ai-office-blueprint,,,pass,/home/jaden/.openclaw/workspace/Stanley-Systems-Landing-Page/qa/browser-screenshots/298-industries__marine.png,Rendered mobile DOM anchors
MOB-301,Industry pages,CTA/link: Map,"As a mobile visitor on /industries/marine, I can tap “Map” and go to the intended destination.",Visible tap target has a valid destination; internal HTTP target resolves successfully; tel/mail links remain device handoffs.,/industries/marine -> /ai-office-map,Rendered mobile DOM anchor discovery + safe HTTP target check; no production form submits.,pass,200 https://stanley-systems.com/ai-office-map,,,pass,/home/jaden/.openclaw/workspace/Stanley-Systems-Landing-Page/qa/browser-screenshots/298-industries__marine.png,Rendered mobile DOM anchors
MOB-302,Industry pages,CTA/link: Stanley Systems,"As a mobile visitor on /industries/marine, I can tap “Stanley Systems” and go to the intended destination.",Visible tap target has a valid destination; internal HTTP target resolves successfully; tel/mail links remain device handoffs.,/industries/marine -> /,Rendered mobile DOM anchor discovery + safe HTTP target check; no production form submits.,pass,200 https://stanley-systems.com/,,,pass,/home/jaden/.openclaw/workspace/Stanley-Systems-Landing-Page/qa/browser-screenshots/298-industries__marine.png,Rendered mobile DOM anchors
MOB-303,Industry pages,CTA/link: Calculate Your Admin Drag,"As a mobile visitor on /industries/marine, I can tap “Calculate Your Admin Drag” and go to the intended destination.",Visible tap target has a valid destination; internal HTTP target resolves successfully; tel/mail links remain device handoffs.,/industries/marine -> /invoicing-delay-cash-flow-calculator,Rendered mobile DOM anchor discovery + safe HTTP target check; no production form submits.,pass,200 https://stanley-systems.com/invoicing-delay-cash-flow-calculator,,,pass,/home/jaden/.openclaw/workspace/Stanley-Systems-Landing-Page/qa/browser-screenshots/298-industries__marine.png,Rendered mobile DOM anchors
MOB-304,Industry pages,CTA/link: Book the AI Office Map,"As a mobile visitor on /industries/marine, I can tap “Book the AI Office Map” and go to the intended destination.",Visible tap target has a valid destination; internal HTTP target resolves successfully; tel/mail links remain device handoffs.,/industries/marine -> /ai-office-map,Rendered mobile DOM anchor discovery + safe HTTP target check; no production form submits.,pass,200 https://stanley-systems.com/ai-office-map,,,pass,/home/jaden/.openclaw/workspace/Stanley-Systems-Landing-Page/qa/browser-screenshots/298-industries__marine.png,Rendered mobile DOM anchors
MOB-305,Industry pages,CTA/link: AI Office Map,"As a mobile visitor on /industries/marine, I can tap “AI Office Map” and go to the intended destination.",Visible tap target has a valid destination; internal HTTP target resolves successfully; tel/mail links remain device handoffs.,/industries/marine -> /ai-office-map,Rendered mobile DOM anchor discovery + safe HTTP target check; no production form submits.,pass,200 https://stanley-systems.com/ai-office-map,,,pass,/home/jaden/.openclaw/workspace/Stanley-Systems-Landing-Page/qa/browser-screenshots/298-industries__marine.png,Rendered mobile DOM anchors
MOB-306,Industry pages,CTA/link: Free AI Office Blueprint,"As a mobile visitor on /industries/marine, I can tap “Free AI Office Blueprint” and go to the intended destination.",Visible tap target has a valid destination; internal HTTP target resolves successfully; tel/mail links remain device handoffs.,/industries/marine -> /ai-office-blueprint,Rendered mobile DOM anchor discovery + safe HTTP target check; no production form submits.,pass,200 https://stanley-systems.com/ai-office-blueprint,,,pass,/home/jaden/.openclaw/workspace/Stanley-Systems-Landing-Page/qa/browser-screenshots/298-industries__marine.png,Rendered mobile DOM anchors
MOB-307,Industry pages,Form/interactive flow: /industries/marine,"As a mobile visitor, I can see and use the form or interactive flow on /industries/marine without layout blocking.",Fields/buttons are visible and large enough for mobile; validation should prevent incomplete submissions; production side-effect submissions require explicit approval before live POST testing.,/industries/marine,"Side-effect-safe render inspection. Found 0 form(s), 40 interactive anchors/buttons. No live POST submission performed.",pass,"{""forms"":[]}",,,pass,/home/jaden/.openclaw/workspace/Stanley-Systems-Landing-Page/qa/browser-screenshots/298-industries__marine.png,Rendered forms/buttons + source fetch calls searched separately
MOB-308,Industry pages,Mobile page load: /industries/plumbing,"As a mobile visitor, I can open /industries/plumbing and see usable content without broken rendering.","HTTP 2xx/3xx, no visible app error, no horizontal overflow, meaningful mobile content renders.",/industries/plumbing,"Playwright mobile 393x759 route render, console/page-error capture, horizontal-overflow check, first-fold screenshot.",pass,200 title=Plumbing AI Office Workflows | Stanley Systems h1=More jobs processed. Cleaner records. Faster follow-up. Same office team.,,,pass,/home/jaden/.openclaw/workspace/Stanley-Systems-Landing-Page/qa/browser-screenshots/308-industries__plumbing.png,app/**/page.tsx + app/sitemap.ts + rendered DOM
MOB-309,Industry pages,CTA/link: tel:+16179586372,"As a mobile visitor on /industries/plumbing, I can tap “tel:+16179586372” and go to the intended destination.",Visible tap target has a valid destination; internal HTTP target resolves successfully; tel/mail links remain device handoffs.,/industries/plumbing -> tel:+16179586372,Rendered mobile DOM anchor discovery + safe HTTP target check; no production form submits.,pass,device handoff link present,,,pass,/home/jaden/.openclaw/workspace/Stanley-Systems-Landing-Page/qa/browser-screenshots/308-industries__plumbing.png,Rendered mobile DOM anchors
MOB-310,Industry pages,CTA/link: Start Free,"As a mobile visitor on /industries/plumbing, I can tap “Start Free” and go to the intended destination.",Visible tap target has a valid destination; internal HTTP target resolves successfully; tel/mail links remain device handoffs.,/industries/plumbing -> /ai-office-blueprint,Rendered mobile DOM anchor discovery + safe HTTP target check; no production form submits.,pass,200 https://stanley-systems.com/ai-office-blueprint,,,pass,/home/jaden/.openclaw/workspace/Stanley-Systems-Landing-Page/qa/browser-screenshots/308-industries__plumbing.png,Rendered mobile DOM anchors
MOB-311,Industry pages,CTA/link: Map,"As a mobile visitor on /industries/plumbing, I can tap “Map” and go to the intended destination.",Visible tap target has a valid destination; internal HTTP target resolves successfully; tel/mail links remain device handoffs.,/industries/plumbing -> /ai-office-map,Rendered mobile DOM anchor discovery + safe HTTP target check; no production form submits.,pass,200 https://stanley-systems.com/ai-office-map,,,pass,/home/jaden/.openclaw/workspace/Stanley-Systems-Landing-Page/qa/browser-screenshots/308-industries__plumbing.png,Rendered mobile DOM anchors
MOB-312,Industry pages,CTA/link: Stanley Systems,"As a mobile visitor on /industries/plumbing, I can tap “Stanley Systems” and go to the intended destination.",Visible tap target has a valid destination; internal HTTP target resolves successfully; tel/mail links remain device handoffs.,/industries/plumbing -> /,Rendered mobile DOM anchor discovery + safe HTTP target check; no production form submits.,pass,200 https://stanley-systems.com/,,,pass,/home/jaden/.openclaw/workspace/Stanley-Systems-Landing-Page/qa/browser-screenshots/308-industries__plumbing.png,Rendered mobile DOM anchors
MOB-313,Industry pages,CTA/link: Calculate Your Admin Drag,"As a mobile visitor on /industries/plumbing, I can tap “Calculate Your Admin Drag” and go to the intended destination.",Visible tap target has a valid destination; internal HTTP target resolves successfully; tel/mail links remain device handoffs.,/industries/plumbing -> /invoicing-delay-cash-flow-calculator,Rendered mobile DOM anchor discovery + safe HTTP target check; no production form submits.,pass,200 https://stanley-systems.com/invoicing-delay-cash-flow-calculator,,,pass,/home/jaden/.openclaw/workspace/Stanley-Systems-Landing-Page/qa/browser-screenshots/308-industries__plumbing.png,Rendered mobile DOM anchors
MOB-314,Industry pages,CTA/link: Book the AI Office Map,"As a mobile visitor on /industries/plumbing, I can tap “Book the AI Office Map” and go to the intended destination.",Visible tap target has a valid destination; internal HTTP target resolves successfully; tel/mail links remain device handoffs.,/industries/plumbing -> /ai-office-map,Rendered mobile DOM anchor discovery + safe HTTP target check; no production form submits.,pass,200 https://stanley-systems.com/ai-office-map,,,pass,/home/jaden/.openclaw/workspace/Stanley-Systems-Landing-Page/qa/browser-screenshots/308-industries__plumbing.png,Rendered mobile DOM anchors
MOB-315,Industry pages,CTA/link: AI Office Map,"As a mobile visitor on /industries/plumbing, I can tap “AI Office Map” and go to the intended destination.",Visible tap target has a valid destination; internal HTTP target resolves successfully; tel/mail links remain device handoffs.,/industries/plumbing -> /ai-office-map,Rendered mobile DOM anchor discovery + safe HTTP target check; no production form submits.,pass,200 https://stanley-systems.com/ai-office-map,,,pass,/home/jaden/.openclaw/workspace/Stanley-Systems-Landing-Page/qa/browser-screenshots/308-industries__plumbing.png,Rendered mobile DOM anchors
MOB-316,Industry pages,CTA/link: Free AI Office Blueprint,"As a mobile visitor on /industries/plumbing, I can tap “Free AI Office Blueprint” and go to the intended destination.",Visible tap target has a valid destination; internal HTTP target resolves successfully; tel/mail links remain device handoffs.,/industries/plumbing -> /ai-office-blueprint,Rendered mobile DOM anchor discovery + safe HTTP target check; no production form submits.,pass,200 https://stanley-systems.com/ai-office-blueprint,,,pass,/home/jaden/.openclaw/workspace/Stanley-Systems-Landing-Page/qa/browser-screenshots/308-industries__plumbing.png,Rendered mobile DOM anchors
MOB-317,Industry pages,Form/interactive flow: /industries/plumbing,"As a mobile visitor, I can see and use the form or interactive flow on /industries/plumbing without layout blocking.",Fields/buttons are visible and large enough for mobile; validation should prevent incomplete submissions; production side-effect submissions require explicit approval before live POST testing.,/industries/plumbing,"Side-effect-safe render inspection. Found 0 form(s), 40 interactive anchors/buttons. No live POST submission performed.",pass,"{""forms"":[]}",,,pass,/home/jaden/.openclaw/workspace/Stanley-Systems-Landing-Page/qa/browser-screenshots/308-industries__plumbing.png,Rendered forms/buttons + source fetch calls searched separately
MOB-318,Industry pages,Mobile page load: /industries/roofing,"As a mobile visitor, I can open /industries/roofing and see usable content without broken rendering.","HTTP 2xx/3xx, no visible app error, no horizontal overflow, meaningful mobile content renders.",/industries/roofing,"Playwright mobile 393x759 route render, console/page-error capture, horizontal-overflow check, first-fold screenshot.",pass,200 title=Roofing AI Office Workflows | Stanley Systems h1=More jobs processed. Cleaner records. Faster follow-up. Same office team.,,,pass,/home/jaden/.openclaw/workspace/Stanley-Systems-Landing-Page/qa/browser-screenshots/318-industries__roofing.png,app/**/page.tsx + app/sitemap.ts + rendered DOM
MOB-319,Industry pages,CTA/link: tel:+16179586372,"As a mobile visitor on /industries/roofing, I can tap “tel:+16179586372” and go to the intended destination.",Visible tap target has a valid destination; internal HTTP target resolves successfully; tel/mail links remain device handoffs.,/industries/roofing -> tel:+16179586372,Rendered mobile DOM anchor discovery + safe HTTP target check; no production form submits.,pass,device handoff link present,,,pass,/home/jaden/.openclaw/workspace/Stanley-Systems-Landing-Page/qa/browser-screenshots/318-industries__roofing.png,Rendered mobile DOM anchors
MOB-320,Industry pages,CTA/link: Start Free,"As a mobile visitor on /industries/roofing, I can tap “Start Free” and go to the intended destination.",Visible tap target has a valid destination; internal HTTP target resolves successfully; tel/mail links remain device handoffs.,/industries/roofing -> /ai-office-blueprint,Rendered mobile DOM anchor discovery + safe HTTP target check; no production form submits.,pass,200 https://stanley-systems.com/ai-office-blueprint,,,pass,/home/jaden/.openclaw/workspace/Stanley-Systems-Landing-Page/qa/browser-screenshots/318-industries__roofing.png,Rendered mobile DOM anchors
MOB-321,Industry pages,CTA/link: Map,"As a mobile visitor on /industries/roofing, I can tap “Map” and go to the intended destination.",Visible tap target has a valid destination; internal HTTP target resolves successfully; tel/mail links remain device handoffs.,/industries/roofing -> /ai-office-map,Rendered mobile DOM anchor discovery + safe HTTP target check; no production form submits.,pass,200 https://stanley-systems.com/ai-office-map,,,pass,/home/jaden/.openclaw/workspace/Stanley-Systems-Landing-Page/qa/browser-screenshots/318-industries__roofing.png,Rendered mobile DOM anchors
MOB-322,Industry pages,CTA/link: Stanley Systems,"As a mobile visitor on /industries/roofing, I can tap “Stanley Systems” and go to the intended destination.",Visible tap target has a valid destination; internal HTTP target resolves successfully; tel/mail links remain device handoffs.,/industries/roofing -> /,Rendered mobile DOM anchor discovery + safe HTTP target check; no production form submits.,pass,200 https://stanley-systems.com/,,,pass,/home/jaden/.openclaw/workspace/Stanley-Systems-Landing-Page/qa/browser-screenshots/318-industries__roofing.png,Rendered mobile DOM anchors
MOB-323,Industry pages,CTA/link: Calculate Your Admin Drag,"As a mobile visitor on /industries/roofing, I can tap “Calculate Your Admin Drag” and go to the intended destination.",Visible tap target has a valid destination; internal HTTP target resolves successfully; tel/mail links remain device handoffs.,/industries/roofing -> /invoicing-delay-cash-flow-calculator,Rendered mobile DOM anchor discovery + safe HTTP target check; no production form submits.,pass,200 https://stanley-systems.com/invoicing-delay-cash-flow-calculator,,,pass,/home/jaden/.openclaw/workspace/Stanley-Systems-Landing-Page/qa/browser-screenshots/318-industries__roofing.png,Rendered mobile DOM anchors
MOB-324,Industry pages,CTA/link: Book the AI Office Map,"As a mobile visitor on /industries/roofing, I can tap “Book the AI Office Map” and go to the intended destination.",Visible tap target has a valid destination; internal HTTP target resolves successfully; tel/mail links remain device handoffs.,/industries/roofing -> /ai-office-map,Rendered mobile DOM anchor discovery + safe HTTP target check; no production form submits.,pass,200 https://stanley-systems.com/ai-office-map,,,pass,/home/jaden/.openclaw/workspace/Stanley-Systems-Landing-Page/qa/browser-screenshots/318-industries__roofing.png,Rendered mobile DOM anchors
MOB-325,Industry pages,CTA/link: AI Office Map,"As a mobile visitor on /industries/roofing, I can tap “AI Office Map” and go to the intended destination.",Visible tap target has a valid destination; internal HTTP target resolves successfully; tel/mail links remain device handoffs.,/industries/roofing -> /ai-office-map,Rendered mobile DOM anchor discovery + safe HTTP target check; no production form submits.,pass,200 https://stanley-systems.com/ai-office-map,,,pass,/home/jaden/.openclaw/workspace/Stanley-Systems-Landing-Page/qa/browser-screenshots/318-industries__roofing.png,Rendered mobile DOM anchors
MOB-326,Industry pages,CTA/link: Free AI Office Blueprint,"As a mobile visitor on /industries/roofing, I can tap “Free AI Office Blueprint” and go to the intended destination.",Visible tap target has a valid destination; internal HTTP target resolves successfully; tel/mail links remain device handoffs.,/industries/roofing -> /ai-office-blueprint,Rendered mobile DOM anchor discovery + safe HTTP target check; no production form submits.,pass,200 https://stanley-systems.com/ai-office-blueprint,,,pass,/home/jaden/.openclaw/workspace/Stanley-Systems-Landing-Page/qa/browser-screenshots/318-industries__roofing.png,Rendered mobile DOM anchors
MOB-327,Industry pages,Form/interactive flow: /industries/roofing,"As a mobile visitor, I can see and use the form or interactive flow on /industries/roofing without layout blocking.",Fields/buttons are visible and large enough for mobile; validation should prevent incomplete submissions; production side-effect submissions require explicit approval before live POST testing.,/industries/roofing,"Side-effect-safe render inspection. Found 0 form(s), 40 interactive anchors/buttons. No live POST submission performed.",pass,"{""forms"":[]}",,,pass,/home/jaden/.openclaw/workspace/Stanley-Systems-Landing-Page/qa/browser-screenshots/318-industries__roofing.png,Rendered forms/buttons + source fetch calls searched separately
MOB-328,Calculator,Mobile page load: /invoicing-delay-cash-flow-calculator/paid,"As a mobile visitor, I can open /invoicing-delay-cash-flow-calculator/paid and see usable content without broken rendering.","HTTP 2xx/3xx, no visible app error, no horizontal overflow, meaningful mobile content renders.",/invoicing-delay-cash-flow-calculator/paid,"Playwright mobile 393x759 route render, console/page-error capture, horizontal-overflow check, first-fold screenshot.",pass,200 title=Admin Drag Calculator Results | Stanley Systems h1=See what slow invoicing may be doing to office workflow.,,,pass,/home/jaden/.openclaw/workspace/Stanley-Systems-Landing-Page/qa/browser-screenshots/328-invoicing-delay-cash-flow-calculator__paid.png,app/**/page.tsx + app/sitemap.ts + rendered DOM
MOB-329,Machine-readable docs,Mobile page load: /llms-full.txt,"As a mobile visitor, I can open /llms-full.txt and see usable content without broken rendering.","HTTP 2xx/3xx, no visible app error, no horizontal overflow, meaningful mobile content renders.",/llms-full.txt,"Playwright mobile 393x759 route render, console/page-error capture, horizontal-overflow check, first-fold screenshot.",pass,200 title=(none) h1=(none),,,pass,/home/jaden/.openclaw/workspace/Stanley-Systems-Landing-Page/qa/browser-screenshots/329-llms-full_txt.png,app/**/page.tsx + app/sitemap.ts + rendered DOM
MOB-330,Machine-readable docs,Mobile page load: /llms.txt,"As a mobile visitor, I can open /llms.txt and see usable content without broken rendering.","HTTP 2xx/3xx, no visible app error, no horizontal overflow, meaningful mobile content renders.",/llms.txt,"Playwright mobile 393x759 route render, console/page-error capture, horizontal-overflow check, first-fold screenshot.",pass,200 title=(none) h1=(none),,,pass,/home/jaden/.openclaw/workspace/Stanley-Systems-Landing-Page/qa/browser-screenshots/330-llms_txt.png,app/**/page.tsx + app/sitemap.ts + rendered DOM
MOB-331,Industry pages,Mobile page load: /marine-service-automation,"As a mobile visitor, I can open /marine-service-automation and see usable content without broken rendering.","HTTP 2xx/3xx, no visible app error, no horizontal overflow, meaningful mobile content renders.",/marine-service-automation,"Playwright mobile 393x759 route render, console/page-error capture, horizontal-overflow check, first-fold screenshot.",pass,200 title=Marine Service Automation | Stanley Systems h1=Marine Service Systems That Move Cash Before the Season Slips Away,,,pass,/home/jaden/.openclaw/workspace/Stanley-Systems-Landing-Page/qa/browser-screenshots/331-marine-service-automation.png,app/**/page.tsx + app/sitemap.ts + rendered DOM
MOB-332,Industry pages,CTA/link: tel:+16179586372,"As a mobile visitor on /marine-service-automation, I can tap “tel:+16179586372” and go to the intended destination.",Visible tap target has a valid destination; internal HTTP target resolves successfully; tel/mail links remain device handoffs.,/marine-service-automation -> tel:+16179586372,Rendered mobile DOM anchor discovery + safe HTTP target check; no production form submits.,pass,device handoff link present,,,pass,/home/jaden/.openclaw/workspace/Stanley-Systems-Landing-Page/qa/browser-screenshots/331-marine-service-automation.png,Rendered mobile DOM anchors
MOB-333,Industry pages,CTA/link: Start Free,"As a mobile visitor on /marine-service-automation, I can tap “Start Free” and go to the intended destination.",Visible tap target has a valid destination; internal HTTP target resolves successfully; tel/mail links remain device handoffs.,/marine-service-automation -> /ai-office-blueprint,Rendered mobile DOM anchor discovery + safe HTTP target check; no production form submits.,pass,200 https://stanley-systems.com/ai-office-blueprint,,,pass,/home/jaden/.openclaw/workspace/Stanley-Systems-Landing-Page/qa/browser-screenshots/331-marine-service-automation.png,Rendered mobile DOM anchors
MOB-334,Industry pages,CTA/link: Map,"As a mobile visitor on /marine-service-automation, I can tap “Map” and go to the intended destination.",Visible tap target has a valid destination; internal HTTP target resolves successfully; tel/mail links remain device handoffs.,/marine-service-automation -> /ai-office-map,Rendered mobile DOM anchor discovery + safe HTTP target check; no production form submits.,pass,200 https://stanley-systems.com/ai-office-map,,,pass,/home/jaden/.openclaw/workspace/Stanley-Systems-Landing-Page/qa/browser-screenshots/331-marine-service-automation.png,Rendered mobile DOM anchors
MOB-335,Industry pages,CTA/link: Stanley Systems,"As a mobile visitor on /marine-service-automation, I can tap “Stanley Systems” and go to the intended destination.",Visible tap target has a valid destination; internal HTTP target resolves successfully; tel/mail links remain device handoffs.,/marine-service-automation -> /,Rendered mobile DOM anchor discovery + safe HTTP target check; no production form submits.,pass,200 https://stanley-systems.com/,,,pass,/home/jaden/.openclaw/workspace/Stanley-Systems-Landing-Page/qa/browser-screenshots/331-marine-service-automation.png,Rendered mobile DOM anchors
MOB-336,Industry pages,CTA/link: Book the AI Office Map,"As a mobile visitor on /marine-service-automation, I can tap “Book the AI Office Map” and go to the intended destination.",Visible tap target has a valid destination; internal HTTP target resolves successfully; tel/mail links remain device handoffs.,/marine-service-automation -> /ai-office-map,Rendered mobile DOM anchor discovery + safe HTTP target check; no production form submits.,pass,200 https://stanley-systems.com/ai-office-map,,,pass,/home/jaden/.openclaw/workspace/Stanley-Systems-Landing-Page/qa/browser-screenshots/331-marine-service-automation.png,Rendered mobile DOM anchors
MOB-337,Industry pages,CTA/link: Use the free calculator,"As a mobile visitor on /marine-service-automation, I can tap “Use the free calculator” and go to the intended destination.",Visible tap target has a valid destination; internal HTTP target resolves successfully; tel/mail links remain device handoffs.,/marine-service-automation -> /invoicing-delay-cash-flow-calculator,Rendered mobile DOM anchor discovery + safe HTTP target check; no production form submits.,pass,200 https://stanley-systems.com/invoicing-delay-cash-flow-calculator,,,pass,/home/jaden/.openclaw/workspace/Stanley-Systems-Landing-Page/qa/browser-screenshots/331-marine-service-automation.png,Rendered mobile DOM anchors
MOB-338,Industry pages,CTA/link: AI Office Map,"As a mobile visitor on /marine-service-automation, I can tap “AI Office Map” and go to the intended destination.",Visible tap target has a valid destination; internal HTTP target resolves successfully; tel/mail links remain device handoffs.,/marine-service-automation -> /ai-office-map,Rendered mobile DOM anchor discovery + safe HTTP target check; no production form submits.,pass,200 https://stanley-systems.com/ai-office-map,,,pass,/home/jaden/.openclaw/workspace/Stanley-Systems-Landing-Page/qa/browser-screenshots/331-marine-service-automation.png,Rendered mobile DOM anchors
MOB-339,Industry pages,CTA/link: Free AI Office Blueprint,"As a mobile visitor on /marine-service-automation, I can tap “Free AI Office Blueprint” and go to the intended destination.",Visible tap target has a valid destination; internal HTTP target resolves successfully; tel/mail links remain device handoffs.,/marine-service-automation -> /ai-office-blueprint,Rendered mobile DOM anchor discovery + safe HTTP target check; no production form submits.,pass,200 https://stanley-systems.com/ai-office-blueprint,,,pass,/home/jaden/.openclaw/workspace/Stanley-Systems-Landing-Page/qa/browser-screenshots/331-marine-service-automation.png,Rendered mobile DOM anchors
MOB-340,Industry pages,Form/interactive flow: /marine-service-automation,"As a mobile visitor, I can see and use the form or interactive flow on /marine-service-automation without layout blocking.",Fields/buttons are visible and large enough for mobile; validation should prevent incomplete submissions; production side-effect submissions require explicit approval before live POST testing.,/marine-service-automation,"Side-effect-safe render inspection. Found 0 form(s), 41 interactive anchors/buttons. No live POST submission performed.",pass,"{""forms"":[]}",,,pass,/home/jaden/.openclaw/workspace/Stanley-Systems-Landing-Page/qa/browser-screenshots/331-marine-service-automation.png,Rendered forms/buttons + source fetch calls searched separately
MOB-341,Site page,Mobile page load: /missed-estimate-follow-up-for-service-businesses,"As a mobile visitor, I can open /missed-estimate-follow-up-for-service-businesses and see usable content without broken rendering.","HTTP 2xx/3xx, no visible app error, no horizontal overflow, meaningful mobile content renders.",/missed-estimate-follow-up-for-service-businesses,"Playwright mobile 393x759 route render, console/page-error capture, horizontal-overflow check, first-fold screenshot.",pass,200 title=Missed Estimate Follow-Up for Service Businesses | Stanley Systems h1=Missed estimate follow-up is usually not a sales problem. It is a workflow problem.,,,pass,/home/jaden/.openclaw/workspace/Stanley-Systems-Landing-Page/qa/browser-screenshots/341-missed-estimate-follow-up-for-service-businesses.png,app/**/page.tsx + app/sitemap.ts + rendered DOM
MOB-342,Site page,CTA/link: tel:+16179586372,"As a mobile visitor on /missed-estimate-follow-up-for-service-businesses, I can tap “tel:+16179586372” and go to the intended destination.",Visible tap target has a valid destination; internal HTTP target resolves successfully; tel/mail links remain device handoffs.,/missed-estimate-follow-up-for-service-businesses -> tel:+16179586372,Rendered mobile DOM anchor discovery + safe HTTP target check; no production form submits.,pass,device handoff link present,,,pass,/home/jaden/.openclaw/workspace/Stanley-Systems-Landing-Page/qa/browser-screenshots/341-missed-estimate-follow-up-for-service-businesses.png,Rendered mobile DOM anchors
MOB-343,Site page,CTA/link: Start Free,"As a mobile visitor on /missed-estimate-follow-up-for-service-businesses, I can tap “Start Free” and go to the intended destination.",Visible tap target has a valid destination; internal HTTP target resolves successfully; tel/mail links remain device handoffs.,/missed-estimate-follow-up-for-service-businesses -> /ai-office-blueprint,Rendered mobile DOM anchor discovery + safe HTTP target check; no production form submits.,pass,200 https://stanley-systems.com/ai-office-blueprint,,,pass,/home/jaden/.openclaw/workspace/Stanley-Systems-Landing-Page/qa/browser-screenshots/341-missed-estimate-follow-up-for-service-businesses.png,Rendered mobile DOM anchors
MOB-344,Site page,CTA/link: Map,"As a mobile visitor on /missed-estimate-follow-up-for-service-businesses, I can tap “Map” and go to the intended destination.",Visible tap target has a valid destination; internal HTTP target resolves successfully; tel/mail links remain device handoffs.,/missed-estimate-follow-up-for-service-businesses -> /ai-office-map,Rendered mobile DOM anchor discovery + safe HTTP target check; no production form submits.,pass,200 https://stanley-systems.com/ai-office-map,,,pass,/home/jaden/.openclaw/workspace/Stanley-Systems-Landing-Page/qa/browser-screenshots/341-missed-estimate-follow-up-for-service-businesses.png,Rendered mobile DOM anchors
MOB-345,Site page,CTA/link: Stanley Systems,"As a mobile visitor on /missed-estimate-follow-up-for-service-businesses, I can tap “Stanley Systems” and go to the intended destination.",Visible tap target has a valid destination; internal HTTP target resolves successfully; tel/mail links remain device handoffs.,/missed-estimate-follow-up-for-service-businesses -> /,Rendered mobile DOM anchor discovery + safe HTTP target check; no production form submits.,pass,200 https://stanley-systems.com/,,,pass,/home/jaden/.openclaw/workspace/Stanley-Systems-Landing-Page/qa/browser-screenshots/341-missed-estimate-follow-up-for-service-businesses.png,Rendered mobile DOM anchors
MOB-346,Site page,CTA/link: Book the AI Office Map,"As a mobile visitor on /missed-estimate-follow-up-for-service-businesses, I can tap “Book the AI Office Map” and go to the intended destination.",Visible tap target has a valid destination; internal HTTP target resolves successfully; tel/mail links remain device handoffs.,/missed-estimate-follow-up-for-service-businesses -> /ai-office-map,Rendered mobile DOM anchor discovery + safe HTTP target check; no production form submits.,pass,200 https://stanley-systems.com/ai-office-map,,,pass,/home/jaden/.openclaw/workspace/Stanley-Systems-Landing-Page/qa/browser-screenshots/341-missed-estimate-follow-up-for-service-businesses.png,Rendered mobile DOM anchors
MOB-347,Site page,CTA/link: Calculate Your Admin Drag,"As a mobile visitor on /missed-estimate-follow-up-for-service-businesses, I can tap “Calculate Your Admin Drag” and go to the intended destination.",Visible tap target has a valid destination; internal HTTP target resolves successfully; tel/mail links remain device handoffs.,/missed-estimate-follow-up-for-service-businesses -> /invoicing-delay-cash-flow-calculator,Rendered mobile DOM anchor discovery + safe HTTP target check; no production form submits.,pass,200 https://stanley-systems.com/invoicing-delay-cash-flow-calculator,,,pass,/home/jaden/.openclaw/workspace/Stanley-Systems-Landing-Page/qa/browser-screenshots/341-missed-estimate-follow-up-for-service-businesses.png,Rendered mobile DOM anchors
MOB-348,Site page,CTA/link: About,"As a mobile visitor on /missed-estimate-follow-up-for-service-businesses, I can tap “About” and go to the intended destination.",Visible tap target has a valid destination; internal HTTP target resolves successfully; tel/mail links remain device handoffs.,/missed-estimate-follow-up-for-service-businesses -> /about,Rendered mobile DOM anchor discovery + safe HTTP target check; no production form submits.,pass,200 https://stanley-systems.com/about,,,pass,/home/jaden/.openclaw/workspace/Stanley-Systems-Landing-Page/qa/browser-screenshots/341-missed-estimate-follow-up-for-service-businesses.png,Rendered mobile DOM anchors
MOB-349,Site page,CTA/link: Who Stanley Systems helps,"As a mobile visitor on /missed-estimate-follow-up-for-service-businesses, I can tap “Who Stanley Systems helps” and go to the intended destination.",Visible tap target has a valid destination; internal HTTP target resolves successfully; tel/mail links remain device handoffs.,/missed-estimate-follow-up-for-service-businesses -> /who-stanley-systems-helps,Rendered mobile DOM anchor discovery + safe HTTP target check; no production form submits.,pass,200 https://stanley-systems.com/who-stanley-systems-helps,,,pass,/home/jaden/.openclaw/workspace/Stanley-Systems-Landing-Page/qa/browser-screenshots/341-missed-estimate-follow-up-for-service-businesses.png,Rendered mobile DOM anchors
MOB-350,Site page,Form/interactive flow: /missed-estimate-follow-up-for-service-businesses,"As a mobile visitor, I can see and use the form or interactive flow on /missed-estimate-follow-up-for-service-businesses without layout blocking.",Fields/buttons are visible and large enough for mobile; validation should prevent incomplete submissions; production side-effect submissions require explicit approval before live POST testing.,/missed-estimate-follow-up-for-service-businesses,"Side-effect-safe render inspection. Found 0 form(s), 49 interactive anchors/buttons. No live POST submission performed.",pass,"{""forms"":[]}",,,pass,/home/jaden/.openclaw/workspace/Stanley-Systems-Landing-Page/qa/browser-screenshots/341-missed-estimate-follow-up-for-service-businesses.png,Rendered forms/buttons + source fetch calls searched separately
MOB-351,Content / SEO pages,Mobile page load: /office-handoff-problems-in-field-service-businesses,"As a mobile visitor, I can open /office-handoff-problems-in-field-service-businesses and see usable content without broken rendering.","HTTP 2xx/3xx, no visible app error, no horizontal overflow, meaningful mobile content renders.",/office-handoff-problems-in-field-service-businesses,"Playwright mobile 393x759 route render, console/page-error capture, horizontal-overflow check, first-fold screenshot.",pass,200 title=Office Handoff Problems in Field Service Businesses | Stanley Systems h1=Office handoff problems slow field-service businesses down long after the job is done.,,,pass,/home/jaden/.openclaw/workspace/Stanley-Systems-Landing-Page/qa/browser-screenshots/351-office-handoff-problems-in-field-service-businesses.png,app/**/page.tsx + app/sitemap.ts + rendered DOM
MOB-352,Content / SEO pages,CTA/link: tel:+16179586372,"As a mobile visitor on /office-handoff-problems-in-field-service-businesses, I can tap “tel:+16179586372” and go to the intended destination.",Visible tap target has a valid destination; internal HTTP target resolves successfully; tel/mail links remain device handoffs.,/office-handoff-problems-in-field-service-businesses -> tel:+16179586372,Rendered mobile DOM anchor discovery + safe HTTP target check; no production form submits.,pass,device handoff link present,,,pass,/home/jaden/.openclaw/workspace/Stanley-Systems-Landing-Page/qa/browser-screenshots/351-office-handoff-problems-in-field-service-businesses.png,Rendered mobile DOM anchors
MOB-353,Content / SEO pages,CTA/link: Start Free,"As a mobile visitor on /office-handoff-problems-in-field-service-businesses, I can tap “Start Free” and go to the intended destination.",Visible tap target has a valid destination; internal HTTP target resolves successfully; tel/mail links remain device handoffs.,/office-handoff-problems-in-field-service-businesses -> /ai-office-blueprint,Rendered mobile DOM anchor discovery + safe HTTP target check; no production form submits.,pass,200 https://stanley-systems.com/ai-office-blueprint,,,pass,/home/jaden/.openclaw/workspace/Stanley-Systems-Landing-Page/qa/browser-screenshots/351-office-handoff-problems-in-field-service-businesses.png,Rendered mobile DOM anchors
MOB-354,Content / SEO pages,CTA/link: Map,"As a mobile visitor on /office-handoff-problems-in-field-service-businesses, I can tap “Map” and go to the intended destination.",Visible tap target has a valid destination; internal HTTP target resolves successfully; tel/mail links remain device handoffs.,/office-handoff-problems-in-field-service-businesses -> /ai-office-map,Rendered mobile DOM anchor discovery + safe HTTP target check; no production form submits.,pass,200 https://stanley-systems.com/ai-office-map,,,pass,/home/jaden/.openclaw/workspace/Stanley-Systems-Landing-Page/qa/browser-screenshots/351-office-handoff-problems-in-field-service-businesses.png,Rendered mobile DOM anchors
MOB-355,Content / SEO pages,CTA/link: Stanley Systems,"As a mobile visitor on /office-handoff-problems-in-field-service-businesses, I can tap “Stanley Systems” and go to the intended destination.",Visible tap target has a valid destination; internal HTTP target resolves successfully; tel/mail links remain device handoffs.,/office-handoff-problems-in-field-service-businesses -> /,Rendered mobile DOM anchor discovery + safe HTTP target check; no production form submits.,pass,200 https://stanley-systems.com/,,,pass,/home/jaden/.openclaw/workspace/Stanley-Systems-Landing-Page/qa/browser-screenshots/351-office-handoff-problems-in-field-service-businesses.png,Rendered mobile DOM anchors
MOB-356,Content / SEO pages,CTA/link: Book the AI Office Map,"As a mobile visitor on /office-handoff-problems-in-field-service-businesses, I can tap “Book the AI Office Map” and go to the intended destination.",Visible tap target has a valid destination; internal HTTP target resolves successfully; tel/mail links remain device handoffs.,/office-handoff-problems-in-field-service-businesses -> /ai-office-map,Rendered mobile DOM anchor discovery + safe HTTP target check; no production form submits.,pass,200 https://stanley-systems.com/ai-office-map,,,pass,/home/jaden/.openclaw/workspace/Stanley-Systems-Landing-Page/qa/browser-screenshots/351-office-handoff-problems-in-field-service-businesses.png,Rendered mobile DOM anchors
MOB-357,Content / SEO pages,CTA/link: Calculate Your Admin Drag,"As a mobile visitor on /office-handoff-problems-in-field-service-businesses, I can tap “Calculate Your Admin Drag” and go to the intended destination.",Visible tap target has a valid destination; internal HTTP target resolves successfully; tel/mail links remain device handoffs.,/office-handoff-problems-in-field-service-businesses -> /invoicing-delay-cash-flow-calculator,Rendered mobile DOM anchor discovery + safe HTTP target check; no production form submits.,pass,200 https://stanley-systems.com/invoicing-delay-cash-flow-calculator,,,pass,/home/jaden/.openclaw/workspace/Stanley-Systems-Landing-Page/qa/browser-screenshots/351-office-handoff-problems-in-field-service-businesses.png,Rendered mobile DOM anchors
MOB-358,Content / SEO pages,CTA/link: About,"As a mobile visitor on /office-handoff-problems-in-field-service-businesses, I can tap “About” and go to the intended destination.",Visible tap target has a valid destination; internal HTTP target resolves successfully; tel/mail links remain device handoffs.,/office-handoff-problems-in-field-service-businesses -> /about,Rendered mobile DOM anchor discovery + safe HTTP target check; no production form submits.,pass,200 https://stanley-systems.com/about,,,pass,/home/jaden/.openclaw/workspace/Stanley-Systems-Landing-Page/qa/browser-screenshots/351-office-handoff-problems-in-field-service-businesses.png,Rendered mobile DOM anchors
MOB-359,Content / SEO pages,CTA/link: Who Stanley Systems helps,"As a mobile visitor on /office-handoff-problems-in-field-service-businesses, I can tap “Who Stanley Systems helps” and go to the intended destination.",Visible tap target has a valid destination; internal HTTP target resolves successfully; tel/mail links remain device handoffs.,/office-handoff-problems-in-field-service-businesses -> /who-stanley-systems-helps,Rendered mobile DOM anchor discovery + safe HTTP target check; no production form submits.,pass,200 https://stanley-systems.com/who-stanley-systems-helps,,,pass,/home/jaden/.openclaw/workspace/Stanley-Systems-Landing-Page/qa/browser-screenshots/351-office-handoff-problems-in-field-service-businesses.png,Rendered mobile DOM anchors
MOB-360,Content / SEO pages,Form/interactive flow: /office-handoff-problems-in-field-service-businesses,"As a mobile visitor, I can see and use the form or interactive flow on /office-handoff-problems-in-field-service-businesses without layout blocking.",Fields/buttons are visible and large enough for mobile; validation should prevent incomplete submissions; production side-effect submissions require explicit approval before live POST testing.,/office-handoff-problems-in-field-service-businesses,"Side-effect-safe render inspection. Found 0 form(s), 48 interactive anchors/buttons. No live POST submission performed.",pass,"{""forms"":[]}",,,pass,/home/jaden/.openclaw/workspace/Stanley-Systems-Landing-Page/qa/browser-screenshots/351-office-handoff-problems-in-field-service-businesses.png,Rendered forms/buttons + source fetch calls searched separately
MOB-361,Portal,Mobile page load: /portal/settings,"As a mobile visitor, I can open /portal/settings and see usable content without broken rendering.","HTTP 2xx/3xx, no visible app error, no horizontal overflow, meaningful mobile content renders.",/portal/settings,"Playwright mobile 393x759 route render, console/page-error capture, horizontal-overflow check, first-fold screenshot.",pass,200 title=Stanley Systems | AI Office Map h1=Portal basics,,,pass,/home/jaden/.openclaw/workspace/Stanley-Systems-Landing-Page/qa/browser-screenshots/361-portal__settings.png,app/**/page.tsx + app/sitemap.ts + rendered DOM
MOB-362,Portal,CTA/link: Back to chat,"As a mobile visitor on /portal/settings, I can tap “Back to chat” and go to the intended destination.",Visible tap target has a valid destination; internal HTTP target resolves successfully; tel/mail links remain device handoffs.,/portal/settings -> /portal,Rendered mobile DOM anchor discovery + safe HTTP target check; no production form submits.,pass,200 https://stanley-systems.com/portal,,,pass,/home/jaden/.openclaw/workspace/Stanley-Systems-Landing-Page/qa/browser-screenshots/361-portal__settings.png,Rendered mobile DOM anchors
MOB-363,Machine-readable docs,Mobile page load: /pricing.md,"As a mobile visitor, I can open /pricing.md and see usable content without broken rendering.","HTTP 2xx/3xx, no visible app error, no horizontal overflow, meaningful mobile content renders.",/pricing.md,"Playwright mobile 393x759 route render, console/page-error capture, horizontal-overflow check, first-fold screenshot.",pass,200 title=(none) h1=(none),,,pass,/home/jaden/.openclaw/workspace/Stanley-Systems-Landing-Page/qa/browser-screenshots/363-pricing_md.png,app/**/page.tsx + app/sitemap.ts + rendered DOM
MOB-364,Site page,Mobile page load: /privacy-policy,"As a mobile visitor, I can open /privacy-policy and see usable content without broken rendering.","HTTP 2xx/3xx, no visible app error, no horizontal overflow, meaningful mobile content renders.",/privacy-policy,"Playwright mobile 393x759 route render, console/page-error capture, horizontal-overflow check, first-fold screenshot.",pass,200 title=Privacy Policy | Stanley Systems h1=Stanley Systems privacy policy,,,pass,/home/jaden/.openclaw/workspace/Stanley-Systems-Landing-Page/qa/browser-screenshots/364-privacy-policy.png,app/**/page.tsx + app/sitemap.ts + rendered DOM
MOB-365,Site page,CTA/link: tel:+16179586372,"As a mobile visitor on /privacy-policy, I can tap “tel:+16179586372” and go to the intended destination.",Visible tap target has a valid destination; internal HTTP target resolves successfully; tel/mail links remain device handoffs.,/privacy-policy -> tel:+16179586372,Rendered mobile DOM anchor discovery + safe HTTP target check; no production form submits.,pass,device handoff link present,,,pass,/home/jaden/.openclaw/workspace/Stanley-Systems-Landing-Page/qa/browser-screenshots/364-privacy-policy.png,Rendered mobile DOM anchors
MOB-366,Site page,CTA/link: Start Free,"As a mobile visitor on /privacy-policy, I can tap “Start Free” and go to the intended destination.",Visible tap target has a valid destination; internal HTTP target resolves successfully; tel/mail links remain device handoffs.,/privacy-policy -> /ai-office-blueprint,Rendered mobile DOM anchor discovery + safe HTTP target check; no production form submits.,pass,200 https://stanley-systems.com/ai-office-blueprint,,,pass,/home/jaden/.openclaw/workspace/Stanley-Systems-Landing-Page/qa/browser-screenshots/364-privacy-policy.png,Rendered mobile DOM anchors
MOB-367,Site page,CTA/link: Map,"As a mobile visitor on /privacy-policy, I can tap “Map” and go to the intended destination.",Visible tap target has a valid destination; internal HTTP target resolves successfully; tel/mail links remain device handoffs.,/privacy-policy -> /ai-office-map,Rendered mobile DOM anchor discovery + safe HTTP target check; no production form submits.,pass,200 https://stanley-systems.com/ai-office-map,,,pass,/home/jaden/.openclaw/workspace/Stanley-Systems-Landing-Page/qa/browser-screenshots/364-privacy-policy.png,Rendered mobile DOM anchors
MOB-368,Site page,CTA/link: Stanley Systems,"As a mobile visitor on /privacy-policy, I can tap “Stanley Systems” and go to the intended destination.",Visible tap target has a valid destination; internal HTTP target resolves successfully; tel/mail links remain device handoffs.,/privacy-policy -> /,Rendered mobile DOM anchor discovery + safe HTTP target check; no production form submits.,pass,200 https://stanley-systems.com/,,,pass,/home/jaden/.openclaw/workspace/Stanley-Systems-Landing-Page/qa/browser-screenshots/364-privacy-policy.png,Rendered mobile DOM anchors
MOB-369,Site page,CTA/link: AI Office Map,"As a mobile visitor on /privacy-policy, I can tap “AI Office Map” and go to the intended destination.",Visible tap target has a valid destination; internal HTTP target resolves successfully; tel/mail links remain device handoffs.,/privacy-policy -> /ai-office-map,Rendered mobile DOM anchor discovery + safe HTTP target check; no production form submits.,pass,200 https://stanley-systems.com/ai-office-map,,,pass,/home/jaden/.openclaw/workspace/Stanley-Systems-Landing-Page/qa/browser-screenshots/364-privacy-policy.png,Rendered mobile DOM anchors
MOB-370,Site page,CTA/link: Free AI Office Blueprint,"As a mobile visitor on /privacy-policy, I can tap “Free AI Office Blueprint” and go to the intended destination.",Visible tap target has a valid destination; internal HTTP target resolves successfully; tel/mail links remain device handoffs.,/privacy-policy -> /ai-office-blueprint,Rendered mobile DOM anchor discovery + safe HTTP target check; no production form submits.,pass,200 https://stanley-systems.com/ai-office-blueprint,,,pass,/home/jaden/.openclaw/workspace/Stanley-Systems-Landing-Page/qa/browser-screenshots/364-privacy-policy.png,Rendered mobile DOM anchors
MOB-371,Site page,CTA/link: AI Office Installation Sprint,"As a mobile visitor on /privacy-policy, I can tap “AI Office Installation Sprint” and go to the intended destination.",Visible tap target has a valid destination; internal HTTP target resolves successfully; tel/mail links remain device handoffs.,/privacy-policy -> /systems-installation-sprint,Rendered mobile DOM anchor discovery + safe HTTP target check; no production form submits.,pass,200 https://stanley-systems.com/systems-installation-sprint,,,pass,/home/jaden/.openclaw/workspace/Stanley-Systems-Landing-Page/qa/browser-screenshots/364-privacy-policy.png,Rendered mobile DOM anchors
MOB-372,Site page,CTA/link: AI Office Ops,"As a mobile visitor on /privacy-policy, I can tap “AI Office Ops” and go to the intended destination.",Visible tap target has a valid destination; internal HTTP target resolves successfully; tel/mail links remain device handoffs.,/privacy-policy -> /pricing,Rendered mobile DOM anchor discovery + safe HTTP target check; no production form submits.,pass,200 https://stanley-systems.com/pricing,,,pass,/home/jaden/.openclaw/workspace/Stanley-Systems-Landing-Page/qa/browser-screenshots/364-privacy-policy.png,Rendered mobile DOM anchors
MOB-373,Site page,Form/interactive flow: /privacy-policy,"As a mobile visitor, I can see and use the form or interactive flow on /privacy-policy without layout blocking.",Fields/buttons are visible and large enough for mobile; validation should prevent incomplete submissions; production side-effect submissions require explicit approval before live POST testing.,/privacy-policy,"Side-effect-safe render inspection. Found 0 form(s), 38 interactive anchors/buttons. No live POST submission performed.",pass,"{""forms"":[]}",,,pass,/home/jaden/.openclaw/workspace/Stanley-Systems-Landing-Page/qa/browser-screenshots/364-privacy-policy.png,Rendered forms/buttons + source fetch calls searched separately
MOB-374,Site page,Mobile page load: /safety,"As a mobile visitor, I can open /safety and see usable content without broken rendering.","HTTP 2xx/3xx, no visible app error, no horizontal overflow, meaningful mobile content renders.",/safety,"Playwright mobile 393x759 route render, console/page-error capture, horizontal-overflow check, first-fold screenshot.",pass,200 title=Stanley Systems | AI Office Map h1=Stanley Systems safety,,,pass,/home/jaden/.openclaw/workspace/Stanley-Systems-Landing-Page/qa/browser-screenshots/374-safety.png,app/**/page.tsx + app/sitemap.ts + rendered DOM
MOB-375,Site page,CTA/link: tel:+16179586372,"As a mobile visitor on /safety, I can tap “tel:+16179586372” and go to the intended destination.",Visible tap target has a valid destination; internal HTTP target resolves successfully; tel/mail links remain device handoffs.,/safety -> tel:+16179586372,Rendered mobile DOM anchor discovery + safe HTTP target check; no production form submits.,pass,device handoff link present,,,pass,/home/jaden/.openclaw/workspace/Stanley-Systems-Landing-Page/qa/browser-screenshots/374-safety.png,Rendered mobile DOM anchors
MOB-376,Site page,CTA/link: Start Free,"As a mobile visitor on /safety, I can tap “Start Free” and go to the intended destination.",Visible tap target has a valid destination; internal HTTP target resolves successfully; tel/mail links remain device handoffs.,/safety -> /ai-office-blueprint,Rendered mobile DOM anchor discovery + safe HTTP target check; no production form submits.,pass,200 https://stanley-systems.com/ai-office-blueprint,,,pass,/home/jaden/.openclaw/workspace/Stanley-Systems-Landing-Page/qa/browser-screenshots/374-safety.png,Rendered mobile DOM anchors
MOB-377,Site page,CTA/link: Map,"As a mobile visitor on /safety, I can tap “Map” and go to the intended destination.",Visible tap target has a valid destination; internal HTTP target resolves successfully; tel/mail links remain device handoffs.,/safety -> /ai-office-map,Rendered mobile DOM anchor discovery + safe HTTP target check; no production form submits.,pass,200 https://stanley-systems.com/ai-office-map,,,pass,/home/jaden/.openclaw/workspace/Stanley-Systems-Landing-Page/qa/browser-screenshots/374-safety.png,Rendered mobile DOM anchors
MOB-378,Site page,CTA/link: Stanley Systems,"As a mobile visitor on /safety, I can tap “Stanley Systems” and go to the intended destination.",Visible tap target has a valid destination; internal HTTP target resolves successfully; tel/mail links remain device handoffs.,/safety -> /,Rendered mobile DOM anchor discovery + safe HTTP target check; no production form submits.,pass,200 https://stanley-systems.com/,,,pass,/home/jaden/.openclaw/workspace/Stanley-Systems-Landing-Page/qa/browser-screenshots/374-safety.png,Rendered mobile DOM anchors
MOB-379,Site page,CTA/link: AI Office Map,"As a mobile visitor on /safety, I can tap “AI Office Map” and go to the intended destination.",Visible tap target has a valid destination; internal HTTP target resolves successfully; tel/mail links remain device handoffs.,/safety -> /ai-office-map,Rendered mobile DOM anchor discovery + safe HTTP target check; no production form submits.,pass,200 https://stanley-systems.com/ai-office-map,,,pass,/home/jaden/.openclaw/workspace/Stanley-Systems-Landing-Page/qa/browser-screenshots/374-safety.png,Rendered mobile DOM anchors
MOB-380,Site page,CTA/link: Free AI Office Blueprint,"As a mobile visitor on /safety, I can tap “Free AI Office Blueprint” and go to the intended destination.",Visible tap target has a valid destination; internal HTTP target resolves successfully; tel/mail links remain device handoffs.,/safety -> /ai-office-blueprint,Rendered mobile DOM anchor discovery + safe HTTP target check; no production form submits.,pass,200 https://stanley-systems.com/ai-office-blueprint,,,pass,/home/jaden/.openclaw/workspace/Stanley-Systems-Landing-Page/qa/browser-screenshots/374-safety.png,Rendered mobile DOM anchors
MOB-381,Site page,CTA/link: AI Office Installation Sprint,"As a mobile visitor on /safety, I can tap “AI Office Installation Sprint” and go to the intended destination.",Visible tap target has a valid destination; internal HTTP target resolves successfully; tel/mail links remain device handoffs.,/safety -> /systems-installation-sprint,Rendered mobile DOM anchor discovery + safe HTTP target check; no production form submits.,pass,200 https://stanley-systems.com/systems-installation-sprint,,,pass,/home/jaden/.openclaw/workspace/Stanley-Systems-Landing-Page/qa/browser-screenshots/374-safety.png,Rendered mobile DOM anchors
MOB-382,Site page,CTA/link: AI Office Ops,"As a mobile visitor on /safety, I can tap “AI Office Ops” and go to the intended destination.",Visible tap target has a valid destination; internal HTTP target resolves successfully; tel/mail links remain device handoffs.,/safety -> /pricing,Rendered mobile DOM anchor discovery + safe HTTP target check; no production form submits.,pass,200 https://stanley-systems.com/pricing,,,pass,/home/jaden/.openclaw/workspace/Stanley-Systems-Landing-Page/qa/browser-screenshots/374-safety.png,Rendered mobile DOM anchors
MOB-383,Site page,Form/interactive flow: /safety,"As a mobile visitor, I can see and use the form or interactive flow on /safety without layout blocking.",Fields/buttons are visible and large enough for mobile; validation should prevent incomplete submissions; production side-effect submissions require explicit approval before live POST testing.,/safety,"Side-effect-safe render inspection. Found 0 form(s), 38 interactive anchors/buttons. No live POST submission performed.",pass,"{""forms"":[]}",,,pass,/home/jaden/.openclaw/workspace/Stanley-Systems-Landing-Page/qa/browser-screenshots/374-safety.png,Rendered forms/buttons + source fetch calls searched separately
MOB-384,Content / SEO pages,Mobile page load: /service-business-billing-process-fix,"As a mobile visitor, I can open /service-business-billing-process-fix and see usable content without broken rendering.","HTTP 2xx/3xx, no visible app error, no horizontal overflow, meaningful mobile content renders.",/service-business-billing-process-fix,"Playwright mobile 393x759 route render, console/page-error capture, horizontal-overflow check, first-fold screenshot.",pass,200 title=Service Business Billing Process Fix | Stanley Systems h1=Clean up the billing process that slows cash after the work is already done.,,,pass,/home/jaden/.openclaw/workspace/Stanley-Systems-Landing-Page/qa/browser-screenshots/384-service-business-billing-process-fix.png,app/**/page.tsx + app/sitemap.ts + rendered DOM
MOB-385,Content / SEO pages,CTA/link: tel:+16179586372,"As a mobile visitor on /service-business-billing-process-fix, I can tap “tel:+16179586372” and go to the intended destination.",Visible tap target has a valid destination; internal HTTP target resolves successfully; tel/mail links remain device handoffs.,/service-business-billing-process-fix -> tel:+16179586372,Rendered mobile DOM anchor discovery + safe HTTP target check; no production form submits.,pass,device handoff link present,,,pass,/home/jaden/.openclaw/workspace/Stanley-Systems-Landing-Page/qa/browser-screenshots/384-service-business-billing-process-fix.png,Rendered mobile DOM anchors
MOB-386,Content / SEO pages,CTA/link: Start Free,"As a mobile visitor on /service-business-billing-process-fix, I can tap “Start Free” and go to the intended destination.",Visible tap target has a valid destination; internal HTTP target resolves successfully; tel/mail links remain device handoffs.,/service-business-billing-process-fix -> /ai-office-blueprint,Rendered mobile DOM anchor discovery + safe HTTP target check; no production form submits.,pass,200 https://stanley-systems.com/ai-office-blueprint,,,pass,/home/jaden/.openclaw/workspace/Stanley-Systems-Landing-Page/qa/browser-screenshots/384-service-business-billing-process-fix.png,Rendered mobile DOM anchors
MOB-387,Content / SEO pages,CTA/link: Map,"As a mobile visitor on /service-business-billing-process-fix, I can tap “Map” and go to the intended destination.",Visible tap target has a valid destination; internal HTTP target resolves successfully; tel/mail links remain device handoffs.,/service-business-billing-process-fix -> /ai-office-map,Rendered mobile DOM anchor discovery + safe HTTP target check; no production form submits.,pass,200 https://stanley-systems.com/ai-office-map,,,pass,/home/jaden/.openclaw/workspace/Stanley-Systems-Landing-Page/qa/browser-screenshots/384-service-business-billing-process-fix.png,Rendered mobile DOM anchors
MOB-388,Content / SEO pages,CTA/link: Stanley Systems,"As a mobile visitor on /service-business-billing-process-fix, I can tap “Stanley Systems” and go to the intended destination.",Visible tap target has a valid destination; internal HTTP target resolves successfully; tel/mail links remain device handoffs.,/service-business-billing-process-fix -> /,Rendered mobile DOM anchor discovery + safe HTTP target check; no production form submits.,pass,200 https://stanley-systems.com/,,,pass,/home/jaden/.openclaw/workspace/Stanley-Systems-Landing-Page/qa/browser-screenshots/384-service-business-billing-process-fix.png,Rendered mobile DOM anchors
MOB-389,Content / SEO pages,CTA/link: Book the AI Office Map,"As a mobile visitor on /service-business-billing-process-fix, I can tap “Book the AI Office Map” and go to the intended destination.",Visible tap target has a valid destination; internal HTTP target resolves successfully; tel/mail links remain device handoffs.,/service-business-billing-process-fix -> /ai-office-map,Rendered mobile DOM anchor discovery + safe HTTP target check; no production form submits.,pass,200 https://stanley-systems.com/ai-office-map,,,pass,/home/jaden/.openclaw/workspace/Stanley-Systems-Landing-Page/qa/browser-screenshots/384-service-business-billing-process-fix.png,Rendered mobile DOM anchors
MOB-390,Content / SEO pages,CTA/link: Calculate Your Admin Drag,"As a mobile visitor on /service-business-billing-process-fix, I can tap “Calculate Your Admin Drag” and go to the intended destination.",Visible tap target has a valid destination; internal HTTP target resolves successfully; tel/mail links remain device handoffs.,/service-business-billing-process-fix -> /invoicing-delay-cash-flow-calculator,Rendered mobile DOM anchor discovery + safe HTTP target check; no production form submits.,pass,200 https://stanley-systems.com/invoicing-delay-cash-flow-calculator,,,pass,/home/jaden/.openclaw/workspace/Stanley-Systems-Landing-Page/qa/browser-screenshots/384-service-business-billing-process-fix.png,Rendered mobile DOM anchors
MOB-391,Content / SEO pages,CTA/link: Use the invoicing delay calculator,"As a mobile visitor on /service-business-billing-process-fix, I can tap “Use the invoicing delay calculator” and go to the intended destination.",Visible tap target has a valid destination; internal HTTP target resolves successfully; tel/mail links remain device handoffs.,/service-business-billing-process-fix -> /invoicing-delay-cash-flow-calculator,Rendered mobile DOM anchor discovery + safe HTTP target check; no production form submits.,pass,200 https://stanley-systems.com/invoicing-delay-cash-flow-calculator,,,pass,/home/jaden/.openclaw/workspace/Stanley-Systems-Landing-Page/qa/browser-screenshots/384-service-business-billing-process-fix.png,Rendered mobile DOM anchors
MOB-392,Content / SEO pages,CTA/link: Read about slow invoicing,"As a mobile visitor on /service-business-billing-process-fix, I can tap “Read about slow invoicing” and go to the intended destination.",Visible tap target has a valid destination; internal HTTP target resolves successfully; tel/mail links remain device handoffs.,/service-business-billing-process-fix -> /speed-up-invoicing-for-service-businesses,Rendered mobile DOM anchor discovery + safe HTTP target check; no production form submits.,pass,200 https://stanley-systems.com/speed-up-invoicing-for-service-businesses,,,pass,/home/jaden/.openclaw/workspace/Stanley-Systems-Landing-Page/qa/browser-screenshots/384-service-business-billing-process-fix.png,Rendered mobile DOM anchors
MOB-393,Content / SEO pages,Form/interactive flow: /service-business-billing-process-fix,"As a mobile visitor, I can see and use the form or interactive flow on /service-business-billing-process-fix without layout blocking.",Fields/buttons are visible and large enough for mobile; validation should prevent incomplete submissions; production side-effect submissions require explicit approval before live POST testing.,/service-business-billing-process-fix,"Side-effect-safe render inspection. Found 0 form(s), 42 interactive anchors/buttons. No live POST submission performed.",pass,"{""forms"":[]}",,,pass,/home/jaden/.openclaw/workspace/Stanley-Systems-Landing-Page/qa/browser-screenshots/384-service-business-billing-process-fix.png,Rendered forms/buttons + source fetch calls searched separately
MOB-394,Content / SEO pages,Mobile page load: /speed-up-invoicing-for-service-businesses,"As a mobile visitor, I can open /speed-up-invoicing-for-service-businesses and see usable content without broken rendering.","HTTP 2xx/3xx, no visible app error, no horizontal overflow, meaningful mobile content renders.",/speed-up-invoicing-for-service-businesses,"Playwright mobile 393x759 route render, console/page-error capture, horizontal-overflow check, first-fold screenshot.",pass,200 title=Speed Up Invoicing for Service Businesses | Stanley Systems h1=Speed up invoicing by fixing the handoff after the work is already done.,,,pass,/home/jaden/.openclaw/workspace/Stanley-Systems-Landing-Page/qa/browser-screenshots/394-speed-up-invoicing-for-service-businesses.png,app/**/page.tsx + app/sitemap.ts + rendered DOM
MOB-395,Content / SEO pages,CTA/link: tel:+16179586372,"As a mobile visitor on /speed-up-invoicing-for-service-businesses, I can tap “tel:+16179586372” and go to the intended destination.",Visible tap target has a valid destination; internal HTTP target resolves successfully; tel/mail links remain device handoffs.,/speed-up-invoicing-for-service-businesses -> tel:+16179586372,Rendered mobile DOM anchor discovery + safe HTTP target check; no production form submits.,pass,device handoff link present,,,pass,/home/jaden/.openclaw/workspace/Stanley-Systems-Landing-Page/qa/browser-screenshots/394-speed-up-invoicing-for-service-businesses.png,Rendered mobile DOM anchors
MOB-396,Content / SEO pages,CTA/link: Start Free,"As a mobile visitor on /speed-up-invoicing-for-service-businesses, I can tap “Start Free” and go to the intended destination.",Visible tap target has a valid destination; internal HTTP target resolves successfully; tel/mail links remain device handoffs.,/speed-up-invoicing-for-service-businesses -> /ai-office-blueprint,Rendered mobile DOM anchor discovery + safe HTTP target check; no production form submits.,pass,200 https://stanley-systems.com/ai-office-blueprint,,,pass,/home/jaden/.openclaw/workspace/Stanley-Systems-Landing-Page/qa/browser-screenshots/394-speed-up-invoicing-for-service-businesses.png,Rendered mobile DOM anchors
MOB-397,Content / SEO pages,CTA/link: Map,"As a mobile visitor on /speed-up-invoicing-for-service-businesses, I can tap “Map” and go to the intended destination.",Visible tap target has a valid destination; internal HTTP target resolves successfully; tel/mail links remain device handoffs.,/speed-up-invoicing-for-service-businesses -> /ai-office-map,Rendered mobile DOM anchor discovery + safe HTTP target check; no production form submits.,pass,200 https://stanley-systems.com/ai-office-map,,,pass,/home/jaden/.openclaw/workspace/Stanley-Systems-Landing-Page/qa/browser-screenshots/394-speed-up-invoicing-for-service-businesses.png,Rendered mobile DOM anchors
MOB-398,Content / SEO pages,CTA/link: Stanley Systems,"As a mobile visitor on /speed-up-invoicing-for-service-businesses, I can tap “Stanley Systems” and go to the intended destination.",Visible tap target has a valid destination; internal HTTP target resolves successfully; tel/mail links remain device handoffs.,/speed-up-invoicing-for-service-businesses -> /,Rendered mobile DOM anchor discovery + safe HTTP target check; no production form submits.,pass,200 https://stanley-systems.com/,,,pass,/home/jaden/.openclaw/workspace/Stanley-Systems-Landing-Page/qa/browser-screenshots/394-speed-up-invoicing-for-service-businesses.png,Rendered mobile DOM anchors
MOB-399,Content / SEO pages,CTA/link: Book the AI Office Map,"As a mobile visitor on /speed-up-invoicing-for-service-businesses, I can tap “Book the AI Office Map” and go to the intended destination.",Visible tap target has a valid destination; internal HTTP target resolves successfully; tel/mail links remain device handoffs.,/speed-up-invoicing-for-service-businesses -> /ai-office-map,Rendered mobile DOM anchor discovery + safe HTTP target check; no production form submits.,pass,200 https://stanley-systems.com/ai-office-map,,,pass,/home/jaden/.openclaw/workspace/Stanley-Systems-Landing-Page/qa/browser-screenshots/394-speed-up-invoicing-for-service-businesses.png,Rendered mobile DOM anchors
MOB-400,Content / SEO pages,CTA/link: Calculate Your Admin Drag,"As a mobile visitor on /speed-up-invoicing-for-service-businesses, I can tap “Calculate Your Admin Drag” and go to the intended destination.",Visible tap target has a valid destination; internal HTTP target resolves successfully; tel/mail links remain device handoffs.,/speed-up-invoicing-for-service-businesses -> /invoicing-delay-cash-flow-calculator,Rendered mobile DOM anchor discovery + safe HTTP target check; no production form submits.,pass,200 https://stanley-systems.com/invoicing-delay-cash-flow-calculator,,,pass,/home/jaden/.openclaw/workspace/Stanley-Systems-Landing-Page/qa/browser-screenshots/394-speed-up-invoicing-for-service-businesses.png,Rendered mobile DOM anchors
MOB-401,Content / SEO pages,CTA/link: Read the marine shop case study,"As a mobile visitor on /speed-up-invoicing-for-service-businesses, I can tap “Read the marine shop case study” and go to the intended destination.",Visible tap target has a valid destination; internal HTTP target resolves successfully; tel/mail links remain device handoffs.,/speed-up-invoicing-for-service-businesses -> /stanley-systems-case-study,Rendered mobile DOM anchor discovery + safe HTTP target check; no production form submits.,pass,200 https://stanley-systems.com/stanley-systems-case-study,,,pass,/home/jaden/.openclaw/workspace/Stanley-Systems-Landing-Page/qa/browser-screenshots/394-speed-up-invoicing-for-service-businesses.png,Rendered mobile DOM anchors
MOB-402,Content / SEO pages,CTA/link: Read about office handoff problems,"As a mobile visitor on /speed-up-invoicing-for-service-businesses, I can tap “Read about office handoff problems” and go to the intended destination.",Visible tap target has a valid destination; internal HTTP target resolves successfully; tel/mail links remain device handoffs.,/speed-up-invoicing-for-service-businesses -> /office-handoff-problems-in-field-service-businesses,Rendered mobile DOM anchor discovery + safe HTTP target check; no production form submits.,pass,200 https://stanley-systems.com/office-handoff-problems-in-field-service-businesses,,,pass,/home/jaden/.openclaw/workspace/Stanley-Systems-Landing-Page/qa/browser-screenshots/394-speed-up-invoicing-for-service-businesses.png,Rendered mobile DOM anchors
MOB-403,Content / SEO pages,Form/interactive flow: /speed-up-invoicing-for-service-businesses,"As a mobile visitor, I can see and use the form or interactive flow on /speed-up-invoicing-for-service-businesses without layout blocking.",Fields/buttons are visible and large enough for mobile; validation should prevent incomplete submissions; production side-effect submissions require explicit approval before live POST testing.,/speed-up-invoicing-for-service-businesses,"Side-effect-safe render inspection. Found 0 form(s), 47 interactive anchors/buttons. No live POST submission performed.",pass,"{""forms"":[]}",,,pass,/home/jaden/.openclaw/workspace/Stanley-Systems-Landing-Page/qa/browser-screenshots/394-speed-up-invoicing-for-service-businesses.png,Rendered forms/buttons + source fetch calls searched separately
MOB-404,Site page,Mobile page load: /stanley-systems-case-study,"As a mobile visitor, I can open /stanley-systems-case-study and see usable content without broken rendering.","HTTP 2xx/3xx, no visible app error, no horizontal overflow, meaningful mobile content renders.",/stanley-systems-case-study,"Playwright mobile 393x759 route render, console/page-error capture, horizontal-overflow check, first-fold screenshot.",pass,200 title=Stanley Systems Case Study | Field Service Office Workflow h1=The work was done. The cash was not moving fast enough.,,,pass,/home/jaden/.openclaw/workspace/Stanley-Systems-Landing-Page/qa/browser-screenshots/404-stanley-systems-case-study.png,app/**/page.tsx + app/sitemap.ts + rendered DOM
MOB-405,Site page,CTA/link: tel:+16179586372,"As a mobile visitor on /stanley-systems-case-study, I can tap “tel:+16179586372” and go to the intended destination.",Visible tap target has a valid destination; internal HTTP target resolves successfully; tel/mail links remain device handoffs.,/stanley-systems-case-study -> tel:+16179586372,Rendered mobile DOM anchor discovery + safe HTTP target check; no production form submits.,pass,device handoff link present,,,pass,/home/jaden/.openclaw/workspace/Stanley-Systems-Landing-Page/qa/browser-screenshots/404-stanley-systems-case-study.png,Rendered mobile DOM anchors
MOB-406,Site page,CTA/link: Start Free,"As a mobile visitor on /stanley-systems-case-study, I can tap “Start Free” and go to the intended destination.",Visible tap target has a valid destination; internal HTTP target resolves successfully; tel/mail links remain device handoffs.,/stanley-systems-case-study -> /ai-office-blueprint,Rendered mobile DOM anchor discovery + safe HTTP target check; no production form submits.,pass,200 https://stanley-systems.com/ai-office-blueprint,,,pass,/home/jaden/.openclaw/workspace/Stanley-Systems-Landing-Page/qa/browser-screenshots/404-stanley-systems-case-study.png,Rendered mobile DOM anchors
MOB-407,Site page,CTA/link: Map,"As a mobile visitor on /stanley-systems-case-study, I can tap “Map” and go to the intended destination.",Visible tap target has a valid destination; internal HTTP target resolves successfully; tel/mail links remain device handoffs.,/stanley-systems-case-study -> /ai-office-map,Rendered mobile DOM anchor discovery + safe HTTP target check; no production form submits.,pass,200 https://stanley-systems.com/ai-office-map,,,pass,/home/jaden/.openclaw/workspace/Stanley-Systems-Landing-Page/qa/browser-screenshots/404-stanley-systems-case-study.png,Rendered mobile DOM anchors
MOB-408,Site page,CTA/link: Stanley Systems,"As a mobile visitor on /stanley-systems-case-study, I can tap “Stanley Systems” and go to the intended destination.",Visible tap target has a valid destination; internal HTTP target resolves successfully; tel/mail links remain device handoffs.,/stanley-systems-case-study -> /,Rendered mobile DOM anchor discovery + safe HTTP target check; no production form submits.,pass,200 https://stanley-systems.com/,,,pass,/home/jaden/.openclaw/workspace/Stanley-Systems-Landing-Page/qa/browser-screenshots/404-stanley-systems-case-study.png,Rendered mobile DOM anchors
MOB-409,Site page,CTA/link: Book the AI Office Map,"As a mobile visitor on /stanley-systems-case-study, I can tap “Book the AI Office Map” and go to the intended destination.",Visible tap target has a valid destination; internal HTTP target resolves successfully; tel/mail links remain device handoffs.,/stanley-systems-case-study -> /ai-office-map#assessment,Rendered mobile DOM anchor discovery + safe HTTP target check; no production form submits.,pass,200 https://stanley-systems.com/ai-office-map,,,pass,/home/jaden/.openclaw/workspace/Stanley-Systems-Landing-Page/qa/browser-screenshots/404-stanley-systems-case-study.png,Rendered mobile DOM anchors
MOB-410,Site page,CTA/link: See marine service fit,"As a mobile visitor on /stanley-systems-case-study, I can tap “See marine service fit” and go to the intended destination.",Visible tap target has a valid destination; internal HTTP target resolves successfully; tel/mail links remain device handoffs.,/stanley-systems-case-study -> /marine-service-automation,Rendered mobile DOM anchor discovery + safe HTTP target check; no production form submits.,pass,200 https://stanley-systems.com/marine-service-automation,,,pass,/home/jaden/.openclaw/workspace/Stanley-Systems-Landing-Page/qa/browser-screenshots/404-stanley-systems-case-study.png,Rendered mobile DOM anchors
MOB-411,Site page,CTA/link: AI Office Map,"As a mobile visitor on /stanley-systems-case-study, I can tap “AI Office Map” and go to the intended destination.",Visible tap target has a valid destination; internal HTTP target resolves successfully; tel/mail links remain device handoffs.,/stanley-systems-case-study -> /ai-office-map,Rendered mobile DOM anchor discovery + safe HTTP target check; no production form submits.,pass,200 https://stanley-systems.com/ai-office-map,,,pass,/home/jaden/.openclaw/workspace/Stanley-Systems-Landing-Page/qa/browser-screenshots/404-stanley-systems-case-study.png,Rendered mobile DOM anchors
MOB-412,Site page,CTA/link: Free AI Office Blueprint,"As a mobile visitor on /stanley-systems-case-study, I can tap “Free AI Office Blueprint” and go to the intended destination.",Visible tap target has a valid destination; internal HTTP target resolves successfully; tel/mail links remain device handoffs.,/stanley-systems-case-study -> /ai-office-blueprint,Rendered mobile DOM anchor discovery + safe HTTP target check; no production form submits.,pass,200 https://stanley-systems.com/ai-office-blueprint,,,pass,/home/jaden/.openclaw/workspace/Stanley-Systems-Landing-Page/qa/browser-screenshots/404-stanley-systems-case-study.png,Rendered mobile DOM anchors
MOB-413,Site page,Form/interactive flow: /stanley-systems-case-study,"As a mobile visitor, I can see and use the form or interactive flow on /stanley-systems-case-study without layout blocking.",Fields/buttons are visible and large enough for mobile; validation should prevent incomplete submissions; production side-effect submissions require explicit approval before live POST testing.,/stanley-systems-case-study,"Side-effect-safe render inspection. Found 0 form(s), 41 interactive anchors/buttons. No live POST submission performed.",pass,"{""forms"":[]}",,,pass,/home/jaden/.openclaw/workspace/Stanley-Systems-Landing-Page/qa/browser-screenshots/404-stanley-systems-case-study.png,Rendered forms/buttons + source fetch calls searched separately
MOB-414,Systems / Sprint,Mobile page load: /systems,"As a mobile visitor, I can open /systems and see usable content without broken rendering.","HTTP 2xx/3xx, no visible app error, no horizontal overflow, meaningful mobile content renders.",/systems,"Playwright mobile 393x759 route render, console/page-error capture, horizontal-overflow check, first-fold screenshot.",pass,200 title=Stanley Systems | AI Office Map h1=Get more done with the team you already have.,,,pass,/home/jaden/.openclaw/workspace/Stanley-Systems-Landing-Page/qa/browser-screenshots/414-systems.png,app/**/page.tsx + app/sitemap.ts + rendered DOM
MOB-415,Systems / Sprint,CTA/link: tel:+16179586372,"As a mobile visitor on /systems, I can tap “tel:+16179586372” and go to the intended destination.",Visible tap target has a valid destination; internal HTTP target resolves successfully; tel/mail links remain device handoffs.,/systems -> tel:+16179586372,Rendered mobile DOM anchor discovery + safe HTTP target check; no production form submits.,pass,device handoff link present,,,pass,/home/jaden/.openclaw/workspace/Stanley-Systems-Landing-Page/qa/browser-screenshots/414-systems.png,Rendered mobile DOM anchors
MOB-416,Systems / Sprint,CTA/link: Start Free,"As a mobile visitor on /systems, I can tap “Start Free” and go to the intended destination.",Visible tap target has a valid destination; internal HTTP target resolves successfully; tel/mail links remain device handoffs.,/systems -> /ai-office-blueprint,Rendered mobile DOM anchor discovery + safe HTTP target check; no production form submits.,pass,200 https://stanley-systems.com/ai-office-blueprint,,,pass,/home/jaden/.openclaw/workspace/Stanley-Systems-Landing-Page/qa/browser-screenshots/414-systems.png,Rendered mobile DOM anchors
MOB-417,Systems / Sprint,CTA/link: Map,"As a mobile visitor on /systems, I can tap “Map” and go to the intended destination.",Visible tap target has a valid destination; internal HTTP target resolves successfully; tel/mail links remain device handoffs.,/systems -> /ai-office-map,Rendered mobile DOM anchor discovery + safe HTTP target check; no production form submits.,pass,200 https://stanley-systems.com/ai-office-map,,,pass,/home/jaden/.openclaw/workspace/Stanley-Systems-Landing-Page/qa/browser-screenshots/414-systems.png,Rendered mobile DOM anchors
MOB-418,Systems / Sprint,CTA/link: Stanley Systems,"As a mobile visitor on /systems, I can tap “Stanley Systems” and go to the intended destination.",Visible tap target has a valid destination; internal HTTP target resolves successfully; tel/mail links remain device handoffs.,/systems -> /,Rendered mobile DOM anchor discovery + safe HTTP target check; no production form submits.,pass,200 https://stanley-systems.com/,,,pass,/home/jaden/.openclaw/workspace/Stanley-Systems-Landing-Page/qa/browser-screenshots/414-systems.png,Rendered mobile DOM anchors
MOB-419,Systems / Sprint,"CTA/link: Compare Map, Sprint, and Ops","As a mobile visitor on /systems, I can tap “Compare Map, Sprint, and Ops” and go to the intended destination.",Visible tap target has a valid destination; internal HTTP target resolves successfully; tel/mail links remain device handoffs.,/systems -> /pricing,Rendered mobile DOM anchor discovery + safe HTTP target check; no production form submits.,pass,200 https://stanley-systems.com/pricing,,,pass,/home/jaden/.openclaw/workspace/Stanley-Systems-Landing-Page/qa/browser-screenshots/414-systems.png,Rendered mobile DOM anchors
MOB-420,Systems / Sprint,CTA/link: Privacy Policy,"As a mobile visitor on /systems, I can tap “Privacy Policy” and go to the intended destination.",Visible tap target has a valid destination; internal HTTP target resolves successfully; tel/mail links remain device handoffs.,/systems -> /privacy-policy,Rendered mobile DOM anchor discovery + safe HTTP target check; no production form submits.,pass,200 https://stanley-systems.com/privacy-policy,,,pass,/home/jaden/.openclaw/workspace/Stanley-Systems-Landing-Page/qa/browser-screenshots/414-systems.png,Rendered mobile DOM anchors
MOB-421,Systems / Sprint,CTA/link: Terms,"As a mobile visitor on /systems, I can tap “Terms” and go to the intended destination.",Visible tap target has a valid destination; internal HTTP target resolves successfully; tel/mail links remain device handoffs.,/systems -> /terms-and-conditions,Rendered mobile DOM anchor discovery + safe HTTP target check; no production form submits.,pass,200 https://stanley-systems.com/terms-and-conditions,,,pass,/home/jaden/.openclaw/workspace/Stanley-Systems-Landing-Page/qa/browser-screenshots/414-systems.png,Rendered mobile DOM anchors
MOB-422,Systems / Sprint,CTA/link: AI Office Map,"As a mobile visitor on /systems, I can tap “AI Office Map” and go to the intended destination.",Visible tap target has a valid destination; internal HTTP target resolves successfully; tel/mail links remain device handoffs.,/systems -> /ai-office-map,Rendered mobile DOM anchor discovery + safe HTTP target check; no production form submits.,pass,200 https://stanley-systems.com/ai-office-map,,,pass,/home/jaden/.openclaw/workspace/Stanley-Systems-Landing-Page/qa/browser-screenshots/414-systems.png,Rendered mobile DOM anchors
MOB-423,Systems / Sprint,Form/interactive flow: /systems,"As a mobile visitor, I can see and use the form or interactive flow on /systems without layout blocking.",Fields/buttons are visible and large enough for mobile; validation should prevent incomplete submissions; production side-effect submissions require explicit approval before live POST testing.,/systems,"Side-effect-safe render inspection. Found 1 form(s), 43 interactive anchors/buttons. No live POST submission performed.",pass,"{""forms"":[{""inputs"":[{""name"":"""",""type"":""text"",""required"":true,""placeholder"":""Jane Smith""},{""name"":"""",""type"":""text"",""required"":true,""placeholder"":""Company name""},{""name"":"""",""type"":""email"",""required"":true,""placeholder"":""jane@company.com""},{""name"":"""",""type"":""tel"",""required"":false,""placeholder"":""+1 (555) 123-4567""},{""name"":"""",""type"":""text"",""required"":true,""placeholder"":""HVAC, plumbing, marine, electrical, landscaping, etc.""},{""name"":"""",""type"":""textarea"",""required"":true,""placeholder"":""Example: make finished jobs billing-ready faster, clean up estimate follow-up, summarize job notes, or route admin tasks to the right person.""},{""name"":"""",""type"":""checkbox"",""required"":true,""placeholder"":""""}],""submits"":[""Start the Sprint conversation""]}]}",,,pass,/home/jaden/.openclaw/workspace/Stanley-Systems-Landing-Page/qa/browser-screenshots/414-systems.png,Rendered forms/buttons + source fetch calls searched separately
MOB-424,Systems / Sprint,Mobile page load: /systems-installation-sprint.md,"As a mobile visitor, I can open /systems-installation-sprint.md and see usable content without broken rendering.","HTTP 2xx/3xx, no visible app error, no horizontal overflow, meaningful mobile content renders.",/systems-installation-sprint.md,"Playwright mobile 393x759 route render, console/page-error capture, horizontal-overflow check, first-fold screenshot.",pass,200 title=(none) h1=(none),,,pass,/home/jaden/.openclaw/workspace/Stanley-Systems-Landing-Page/qa/browser-screenshots/424-systems-installation-sprint_md.png,app/**/page.tsx + app/sitemap.ts + rendered DOM
MOB-425,Systems / Sprint,Mobile page load: /systems/both-systems,"As a mobile visitor, I can open /systems/both-systems and see usable content without broken rendering.","HTTP 2xx/3xx, no visible app error, no horizontal overflow, meaningful mobile content renders.",/systems/both-systems,"Playwright mobile 393x759 route render, console/page-error capture, horizontal-overflow check, first-fold screenshot.",pass,200 title=Stanley Systems | AI Office Map h1=Get more done with the team you already have.,,,pass,/home/jaden/.openclaw/workspace/Stanley-Systems-Landing-Page/qa/browser-screenshots/425-systems__both-systems.png,app/**/page.tsx + app/sitemap.ts + rendered DOM
MOB-426,Systems / Sprint,CTA/link: tel:+16179586372,"As a mobile visitor on /systems/both-systems, I can tap “tel:+16179586372” and go to the intended destination.",Visible tap target has a valid destination; internal HTTP target resolves successfully; tel/mail links remain device handoffs.,/systems/both-systems -> tel:+16179586372,Rendered mobile DOM anchor discovery + safe HTTP target check; no production form submits.,pass,device handoff link present,,,pass,/home/jaden/.openclaw/workspace/Stanley-Systems-Landing-Page/qa/browser-screenshots/425-systems__both-systems.png,Rendered mobile DOM anchors
MOB-427,Systems / Sprint,CTA/link: Start Free,"As a mobile visitor on /systems/both-systems, I can tap “Start Free” and go to the intended destination.",Visible tap target has a valid destination; internal HTTP target resolves successfully; tel/mail links remain device handoffs.,/systems/both-systems -> /ai-office-blueprint,Rendered mobile DOM anchor discovery + safe HTTP target check; no production form submits.,pass,200 https://stanley-systems.com/ai-office-blueprint,,,pass,/home/jaden/.openclaw/workspace/Stanley-Systems-Landing-Page/qa/browser-screenshots/425-systems__both-systems.png,Rendered mobile DOM anchors
MOB-428,Systems / Sprint,CTA/link: Map,"As a mobile visitor on /systems/both-systems, I can tap “Map” and go to the intended destination.",Visible tap target has a valid destination; internal HTTP target resolves successfully; tel/mail links remain device handoffs.,/systems/both-systems -> /ai-office-map,Rendered mobile DOM anchor discovery + safe HTTP target check; no production form submits.,pass,200 https://stanley-systems.com/ai-office-map,,,pass,/home/jaden/.openclaw/workspace/Stanley-Systems-Landing-Page/qa/browser-screenshots/425-systems__both-systems.png,Rendered mobile DOM anchors
MOB-429,Systems / Sprint,CTA/link: Stanley Systems,"As a mobile visitor on /systems/both-systems, I can tap “Stanley Systems” and go to the intended destination.",Visible tap target has a valid destination; internal HTTP target resolves successfully; tel/mail links remain device handoffs.,/systems/both-systems -> /,Rendered mobile DOM anchor discovery + safe HTTP target check; no production form submits.,pass,200 https://stanley-systems.com/,,,pass,/home/jaden/.openclaw/workspace/Stanley-Systems-Landing-Page/qa/browser-screenshots/425-systems__both-systems.png,Rendered mobile DOM anchors
MOB-430,Systems / Sprint,"CTA/link: Compare Map, Sprint, and Ops","As a mobile visitor on /systems/both-systems, I can tap “Compare Map, Sprint, and Ops” and go to the intended destination.",Visible tap target has a valid destination; internal HTTP target resolves successfully; tel/mail links remain device handoffs.,/systems/both-systems -> /pricing,Rendered mobile DOM anchor discovery + safe HTTP target check; no production form submits.,pass,200 https://stanley-systems.com/pricing,,,pass,/home/jaden/.openclaw/workspace/Stanley-Systems-Landing-Page/qa/browser-screenshots/425-systems__both-systems.png,Rendered mobile DOM anchors
MOB-431,Systems / Sprint,CTA/link: Privacy Policy,"As a mobile visitor on /systems/both-systems, I can tap “Privacy Policy” and go to the intended destination.",Visible tap target has a valid destination; internal HTTP target resolves successfully; tel/mail links remain device handoffs.,/systems/both-systems -> /privacy-policy,Rendered mobile DOM anchor discovery + safe HTTP target check; no production form submits.,pass,200 https://stanley-systems.com/privacy-policy,,,pass,/home/jaden/.openclaw/workspace/Stanley-Systems-Landing-Page/qa/browser-screenshots/425-systems__both-systems.png,Rendered mobile DOM anchors
MOB-432,Systems / Sprint,CTA/link: Terms,"As a mobile visitor on /systems/both-systems, I can tap “Terms” and go to the intended destination.",Visible tap target has a valid destination; internal HTTP target resolves successfully; tel/mail links remain device handoffs.,/systems/both-systems -> /terms-and-conditions,Rendered mobile DOM anchor discovery + safe HTTP target check; no production form submits.,pass,200 https://stanley-systems.com/terms-and-conditions,,,pass,/home/jaden/.openclaw/workspace/Stanley-Systems-Landing-Page/qa/browser-screenshots/425-systems__both-systems.png,Rendered mobile DOM anchors
MOB-433,Systems / Sprint,CTA/link: AI Office Map,"As a mobile visitor on /systems/both-systems, I can tap “AI Office Map” and go to the intended destination.",Visible tap target has a valid destination; internal HTTP target resolves successfully; tel/mail links remain device handoffs.,/systems/both-systems -> /ai-office-map,Rendered mobile DOM anchor discovery + safe HTTP target check; no production form submits.,pass,200 https://stanley-systems.com/ai-office-map,,,pass,/home/jaden/.openclaw/workspace/Stanley-Systems-Landing-Page/qa/browser-screenshots/425-systems__both-systems.png,Rendered mobile DOM anchors
MOB-434,Systems / Sprint,Form/interactive flow: /systems/both-systems,"As a mobile visitor, I can see and use the form or interactive flow on /systems/both-systems without layout blocking.",Fields/buttons are visible and large enough for mobile; validation should prevent incomplete submissions; production side-effect submissions require explicit approval before live POST testing.,/systems/both-systems,"Side-effect-safe render inspection. Found 1 form(s), 43 interactive anchors/buttons. No live POST submission performed.",pass,"{""forms"":[{""inputs"":[{""name"":"""",""type"":""text"",""required"":true,""placeholder"":""Jane Smith""},{""name"":"""",""type"":""text"",""required"":true,""placeholder"":""Company name""},{""name"":"""",""type"":""email"",""required"":true,""placeholder"":""jane@company.com""},{""name"":"""",""type"":""tel"",""required"":false,""placeholder"":""+1 (555) 123-4567""},{""name"":"""",""type"":""text"",""required"":true,""placeholder"":""HVAC, plumbing, marine, electrical, landscaping, etc.""},{""name"":"""",""type"":""textarea"",""required"":true,""placeholder"":""Example: make finished jobs billing-ready faster, clean up estimate follow-up, summarize job notes, or route admin tasks to the right person.""},{""name"":"""",""type"":""checkbox"",""required"":true,""placeholder"":""""}],""submits"":[""Start the Sprint conversation""]}]}",,,pass,/home/jaden/.openclaw/workspace/Stanley-Systems-Landing-Page/qa/browser-screenshots/425-systems__both-systems.png,Rendered forms/buttons + source fetch calls searched separately
MOB-435,Systems / Sprint,Mobile page load: /systems/cashflow-control,"As a mobile visitor, I can open /systems/cashflow-control and see usable content without broken rendering.","HTTP 2xx/3xx, no visible app error, no horizontal overflow, meaningful mobile content renders.",/systems/cashflow-control,"Playwright mobile 393x759 route render, console/page-error capture, horizontal-overflow check, first-fold screenshot.",pass,200 title=Stanley Systems | AI Office Map h1=Get more done with the team you already have.,,,pass,/home/jaden/.openclaw/workspace/Stanley-Systems-Landing-Page/qa/browser-screenshots/435-systems__cashflow-control.png,app/**/page.tsx + app/sitemap.ts + rendered DOM
MOB-436,Systems / Sprint,CTA/link: tel:+16179586372,"As a mobile visitor on /systems/cashflow-control, I can tap “tel:+16179586372” and go to the intended destination.",Visible tap target has a valid destination; internal HTTP target resolves successfully; tel/mail links remain device handoffs.,/systems/cashflow-control -> tel:+16179586372,Rendered mobile DOM anchor discovery + safe HTTP target check; no production form submits.,pass,device handoff link present,,,pass,/home/jaden/.openclaw/workspace/Stanley-Systems-Landing-Page/qa/browser-screenshots/435-systems__cashflow-control.png,Rendered mobile DOM anchors
MOB-437,Systems / Sprint,CTA/link: Start Free,"As a mobile visitor on /systems/cashflow-control, I can tap “Start Free” and go to the intended destination.",Visible tap target has a valid destination; internal HTTP target resolves successfully; tel/mail links remain device handoffs.,/systems/cashflow-control -> /ai-office-blueprint,Rendered mobile DOM anchor discovery + safe HTTP target check; no production form submits.,pass,200 https://stanley-systems.com/ai-office-blueprint,,,pass,/home/jaden/.openclaw/workspace/Stanley-Systems-Landing-Page/qa/browser-screenshots/435-systems__cashflow-control.png,Rendered mobile DOM anchors
MOB-438,Systems / Sprint,CTA/link: Map,"As a mobile visitor on /systems/cashflow-control, I can tap “Map” and go to the intended destination.",Visible tap target has a valid destination; internal HTTP target resolves successfully; tel/mail links remain device handoffs.,/systems/cashflow-control -> /ai-office-map,Rendered mobile DOM anchor discovery + safe HTTP target check; no production form submits.,pass,200 https://stanley-systems.com/ai-office-map,,,pass,/home/jaden/.openclaw/workspace/Stanley-Systems-Landing-Page/qa/browser-screenshots/435-systems__cashflow-control.png,Rendered mobile DOM anchors
MOB-439,Systems / Sprint,CTA/link: Stanley Systems,"As a mobile visitor on /systems/cashflow-control, I can tap “Stanley Systems” and go to the intended destination.",Visible tap target has a valid destination; internal HTTP target resolves successfully; tel/mail links remain device handoffs.,/systems/cashflow-control -> /,Rendered mobile DOM anchor discovery + safe HTTP target check; no production form submits.,pass,200 https://stanley-systems.com/,,,pass,/home/jaden/.openclaw/workspace/Stanley-Systems-Landing-Page/qa/browser-screenshots/435-systems__cashflow-control.png,Rendered mobile DOM anchors
MOB-440,Systems / Sprint,"CTA/link: Compare Map, Sprint, and Ops","As a mobile visitor on /systems/cashflow-control, I can tap “Compare Map, Sprint, and Ops” and go to the intended destination.",Visible tap target has a valid destination; internal HTTP target resolves successfully; tel/mail links remain device handoffs.,/systems/cashflow-control -> /pricing,Rendered mobile DOM anchor discovery + safe HTTP target check; no production form submits.,pass,200 https://stanley-systems.com/pricing,,,pass,/home/jaden/.openclaw/workspace/Stanley-Systems-Landing-Page/qa/browser-screenshots/435-systems__cashflow-control.png,Rendered mobile DOM anchors
MOB-441,Systems / Sprint,CTA/link: Privacy Policy,"As a mobile visitor on /systems/cashflow-control, I can tap “Privacy Policy” and go to the intended destination.",Visible tap target has a valid destination; internal HTTP target resolves successfully; tel/mail links remain device handoffs.,/systems/cashflow-control -> /privacy-policy,Rendered mobile DOM anchor discovery + safe HTTP target check; no production form submits.,pass,200 https://stanley-systems.com/privacy-policy,,,pass,/home/jaden/.openclaw/workspace/Stanley-Systems-Landing-Page/qa/browser-screenshots/435-systems__cashflow-control.png,Rendered mobile DOM anchors
MOB-442,Systems / Sprint,CTA/link: Terms,"As a mobile visitor on /systems/cashflow-control, I can tap “Terms” and go to the intended destination.",Visible tap target has a valid destination; internal HTTP target resolves successfully; tel/mail links remain device handoffs.,/systems/cashflow-control -> /terms-and-conditions,Rendered mobile DOM anchor discovery + safe HTTP target check; no production form submits.,pass,200 https://stanley-systems.com/terms-and-conditions,,,pass,/home/jaden/.openclaw/workspace/Stanley-Systems-Landing-Page/qa/browser-screenshots/435-systems__cashflow-control.png,Rendered mobile DOM anchors
MOB-443,Systems / Sprint,CTA/link: AI Office Map,"As a mobile visitor on /systems/cashflow-control, I can tap “AI Office Map” and go to the intended destination.",Visible tap target has a valid destination; internal HTTP target resolves successfully; tel/mail links remain device handoffs.,/systems/cashflow-control -> /ai-office-map,Rendered mobile DOM anchor discovery + safe HTTP target check; no production form submits.,pass,200 https://stanley-systems.com/ai-office-map,,,pass,/home/jaden/.openclaw/workspace/Stanley-Systems-Landing-Page/qa/browser-screenshots/435-systems__cashflow-control.png,Rendered mobile DOM anchors
MOB-444,Systems / Sprint,Form/interactive flow: /systems/cashflow-control,"As a mobile visitor, I can see and use the form or interactive flow on /systems/cashflow-control without layout blocking.",Fields/buttons are visible and large enough for mobile; validation should prevent incomplete submissions; production side-effect submissions require explicit approval before live POST testing.,/systems/cashflow-control,"Side-effect-safe render inspection. Found 1 form(s), 43 interactive anchors/buttons. No live POST submission performed.",pass,"{""forms"":[{""inputs"":[{""name"":"""",""type"":""text"",""required"":true,""placeholder"":""Jane Smith""},{""name"":"""",""type"":""text"",""required"":true,""placeholder"":""Company name""},{""name"":"""",""type"":""email"",""required"":true,""placeholder"":""jane@company.com""},{""name"":"""",""type"":""tel"",""required"":false,""placeholder"":""+1 (555) 123-4567""},{""name"":"""",""type"":""text"",""required"":true,""placeholder"":""HVAC, plumbing, marine, electrical, landscaping, etc.""},{""name"":"""",""type"":""textarea"",""required"":true,""placeholder"":""Example: make finished jobs billing-ready faster, clean up estimate follow-up, summarize job notes, or route admin tasks to the right person.""},{""name"":"""",""type"":""checkbox"",""required"":true,""placeholder"":""""}],""submits"":[""Start the Sprint conversation""]}]}",,,pass,/home/jaden/.openclaw/workspace/Stanley-Systems-Landing-Page/qa/browser-screenshots/435-systems__cashflow-control.png,Rendered forms/buttons + source fetch calls searched separately
MOB-445,Systems / Sprint,Mobile page load: /systems/repeat-revenue,"As a mobile visitor, I can open /systems/repeat-revenue and see usable content without broken rendering.","HTTP 2xx/3xx, no visible app error, no horizontal overflow, meaningful mobile content renders.",/systems/repeat-revenue,"Playwright mobile 393x759 route render, console/page-error capture, horizontal-overflow check, first-fold screenshot.",pass,200 title=Stanley Systems | AI Office Map h1=Get more done with the team you already have.,,,pass,/home/jaden/.openclaw/workspace/Stanley-Systems-Landing-Page/qa/browser-screenshots/445-systems__repeat-revenue.png,app/**/page.tsx + app/sitemap.ts + rendered DOM
MOB-446,Systems / Sprint,CTA/link: tel:+16179586372,"As a mobile visitor on /systems/repeat-revenue, I can tap “tel:+16179586372” and go to the intended destination.",Visible tap target has a valid destination; internal HTTP target resolves successfully; tel/mail links remain device handoffs.,/systems/repeat-revenue -> tel:+16179586372,Rendered mobile DOM anchor discovery + safe HTTP target check; no production form submits.,pass,device handoff link present,,,pass,/home/jaden/.openclaw/workspace/Stanley-Systems-Landing-Page/qa/browser-screenshots/445-systems__repeat-revenue.png,Rendered mobile DOM anchors
MOB-447,Systems / Sprint,CTA/link: Start Free,"As a mobile visitor on /systems/repeat-revenue, I can tap “Start Free” and go to the intended destination.",Visible tap target has a valid destination; internal HTTP target resolves successfully; tel/mail links remain device handoffs.,/systems/repeat-revenue -> /ai-office-blueprint,Rendered mobile DOM anchor discovery + safe HTTP target check; no production form submits.,pass,200 https://stanley-systems.com/ai-office-blueprint,,,pass,/home/jaden/.openclaw/workspace/Stanley-Systems-Landing-Page/qa/browser-screenshots/445-systems__repeat-revenue.png,Rendered mobile DOM anchors
MOB-448,Systems / Sprint,CTA/link: Map,"As a mobile visitor on /systems/repeat-revenue, I can tap “Map” and go to the intended destination.",Visible tap target has a valid destination; internal HTTP target resolves successfully; tel/mail links remain device handoffs.,/systems/repeat-revenue -> /ai-office-map,Rendered mobile DOM anchor discovery + safe HTTP target check; no production form submits.,pass,200 https://stanley-systems.com/ai-office-map,,,pass,/home/jaden/.openclaw/workspace/Stanley-Systems-Landing-Page/qa/browser-screenshots/445-systems__repeat-revenue.png,Rendered mobile DOM anchors
MOB-449,Systems / Sprint,CTA/link: Stanley Systems,"As a mobile visitor on /systems/repeat-revenue, I can tap “Stanley Systems” and go to the intended destination.",Visible tap target has a valid destination; internal HTTP target resolves successfully; tel/mail links remain device handoffs.,/systems/repeat-revenue -> /,Rendered mobile DOM anchor discovery + safe HTTP target check; no production form submits.,pass,200 https://stanley-systems.com/,,,pass,/home/jaden/.openclaw/workspace/Stanley-Systems-Landing-Page/qa/browser-screenshots/445-systems__repeat-revenue.png,Rendered mobile DOM anchors
MOB-450,Systems / Sprint,"CTA/link: Compare Map, Sprint, and Ops","As a mobile visitor on /systems/repeat-revenue, I can tap “Compare Map, Sprint, and Ops” and go to the intended destination.",Visible tap target has a valid destination; internal HTTP target resolves successfully; tel/mail links remain device handoffs.,/systems/repeat-revenue -> /pricing,Rendered mobile DOM anchor discovery + safe HTTP target check; no production form submits.,pass,200 https://stanley-systems.com/pricing,,,pass,/home/jaden/.openclaw/workspace/Stanley-Systems-Landing-Page/qa/browser-screenshots/445-systems__repeat-revenue.png,Rendered mobile DOM anchors
MOB-451,Systems / Sprint,CTA/link: Privacy Policy,"As a mobile visitor on /systems/repeat-revenue, I can tap “Privacy Policy” and go to the intended destination.",Visible tap target has a valid destination; internal HTTP target resolves successfully; tel/mail links remain device handoffs.,/systems/repeat-revenue -> /privacy-policy,Rendered mobile DOM anchor discovery + safe HTTP target check; no production form submits.,pass,200 https://stanley-systems.com/privacy-policy,,,pass,/home/jaden/.openclaw/workspace/Stanley-Systems-Landing-Page/qa/browser-screenshots/445-systems__repeat-revenue.png,Rendered mobile DOM anchors
MOB-452,Systems / Sprint,CTA/link: Terms,"As a mobile visitor on /systems/repeat-revenue, I can tap “Terms” and go to the intended destination.",Visible tap target has a valid destination; internal HTTP target resolves successfully; tel/mail links remain device handoffs.,/systems/repeat-revenue -> /terms-and-conditions,Rendered mobile DOM anchor discovery + safe HTTP target check; no production form submits.,pass,200 https://stanley-systems.com/terms-and-conditions,,,pass,/home/jaden/.openclaw/workspace/Stanley-Systems-Landing-Page/qa/browser-screenshots/445-systems__repeat-revenue.png,Rendered mobile DOM anchors
MOB-453,Systems / Sprint,CTA/link: AI Office Map,"As a mobile visitor on /systems/repeat-revenue, I can tap “AI Office Map” and go to the intended destination.",Visible tap target has a valid destination; internal HTTP target resolves successfully; tel/mail links remain device handoffs.,/systems/repeat-revenue -> /ai-office-map,Rendered mobile DOM anchor discovery + safe HTTP target check; no production form submits.,pass,200 https://stanley-systems.com/ai-office-map,,,pass,/home/jaden/.openclaw/workspace/Stanley-Systems-Landing-Page/qa/browser-screenshots/445-systems__repeat-revenue.png,Rendered mobile DOM anchors
MOB-454,Systems / Sprint,Form/interactive flow: /systems/repeat-revenue,"As a mobile visitor, I can see and use the form or interactive flow on /systems/repeat-revenue without layout blocking.",Fields/buttons are visible and large enough for mobile; validation should prevent incomplete submissions; production side-effect submissions require explicit approval before live POST testing.,/systems/repeat-revenue,"Side-effect-safe render inspection. Found 1 form(s), 43 interactive anchors/buttons. No live POST submission performed.",pass,"{""forms"":[{""inputs"":[{""name"":"""",""type"":""text"",""required"":true,""placeholder"":""Jane Smith""},{""name"":"""",""type"":""text"",""required"":true,""placeholder"":""Company name""},{""name"":"""",""type"":""email"",""required"":true,""placeholder"":""jane@company.com""},{""name"":"""",""type"":""tel"",""required"":false,""placeholder"":""+1 (555) 123-4567""},{""name"":"""",""type"":""text"",""required"":true,""placeholder"":""HVAC, plumbing, marine, electrical, landscaping, etc.""},{""name"":"""",""type"":""textarea"",""required"":true,""placeholder"":""Example: make finished jobs billing-ready faster, clean up estimate follow-up, summarize job notes, or route admin tasks to the right person.""},{""name"":"""",""type"":""checkbox"",""required"":true,""placeholder"":""""}],""submits"":[""Start the Sprint conversation""]}]}",,,pass,/home/jaden/.openclaw/workspace/Stanley-Systems-Landing-Page/qa/browser-screenshots/445-systems__repeat-revenue.png,Rendered forms/buttons + source fetch calls searched separately
MOB-455,Site page,Mobile page load: /terms,"As a mobile visitor, I can open /terms and see usable content without broken rendering.","HTTP 2xx/3xx, no visible app error, no horizontal overflow, meaningful mobile content renders.",/terms,"Playwright mobile 393x759 route render, console/page-error capture, horizontal-overflow check, first-fold screenshot.",pass,200 title=Terms | Stanley Systems h1=Stanley Systems terms,,,pass,/home/jaden/.openclaw/workspace/Stanley-Systems-Landing-Page/qa/browser-screenshots/455-terms.png,app/**/page.tsx + app/sitemap.ts + rendered DOM
MOB-456,Site page,CTA/link: tel:+16179586372,"As a mobile visitor on /terms, I can tap “tel:+16179586372” and go to the intended destination.",Visible tap target has a valid destination; internal HTTP target resolves successfully; tel/mail links remain device handoffs.,/terms -> tel:+16179586372,Rendered mobile DOM anchor discovery + safe HTTP target check; no production form submits.,pass,device handoff link present,,,pass,/home/jaden/.openclaw/workspace/Stanley-Systems-Landing-Page/qa/browser-screenshots/455-terms.png,Rendered mobile DOM anchors
MOB-457,Site page,CTA/link: Start Free,"As a mobile visitor on /terms, I can tap “Start Free” and go to the intended destination.",Visible tap target has a valid destination; internal HTTP target resolves successfully; tel/mail links remain device handoffs.,/terms -> /ai-office-blueprint,Rendered mobile DOM anchor discovery + safe HTTP target check; no production form submits.,pass,200 https://stanley-systems.com/ai-office-blueprint,,,pass,/home/jaden/.openclaw/workspace/Stanley-Systems-Landing-Page/qa/browser-screenshots/455-terms.png,Rendered mobile DOM anchors
MOB-458,Site page,CTA/link: Map,"As a mobile visitor on /terms, I can tap “Map” and go to the intended destination.",Visible tap target has a valid destination; internal HTTP target resolves successfully; tel/mail links remain device handoffs.,/terms -> /ai-office-map,Rendered mobile DOM anchor discovery + safe HTTP target check; no production form submits.,pass,200 https://stanley-systems.com/ai-office-map,,,pass,/home/jaden/.openclaw/workspace/Stanley-Systems-Landing-Page/qa/browser-screenshots/455-terms.png,Rendered mobile DOM anchors
MOB-459,Site page,CTA/link: Stanley Systems,"As a mobile visitor on /terms, I can tap “Stanley Systems” and go to the intended destination.",Visible tap target has a valid destination; internal HTTP target resolves successfully; tel/mail links remain device handoffs.,/terms -> /,Rendered mobile DOM anchor discovery + safe HTTP target check; no production form submits.,pass,200 https://stanley-systems.com/,,,pass,/home/jaden/.openclaw/workspace/Stanley-Systems-Landing-Page/qa/browser-screenshots/455-terms.png,Rendered mobile DOM anchors
MOB-460,Site page,CTA/link: AI Office Map,"As a mobile visitor on /terms, I can tap “AI Office Map” and go to the intended destination.",Visible tap target has a valid destination; internal HTTP target resolves successfully; tel/mail links remain device handoffs.,/terms -> /ai-office-map,Rendered mobile DOM anchor discovery + safe HTTP target check; no production form submits.,pass,200 https://stanley-systems.com/ai-office-map,,,pass,/home/jaden/.openclaw/workspace/Stanley-Systems-Landing-Page/qa/browser-screenshots/455-terms.png,Rendered mobile DOM anchors
MOB-461,Site page,CTA/link: Free AI Office Blueprint,"As a mobile visitor on /terms, I can tap “Free AI Office Blueprint” and go to the intended destination.",Visible tap target has a valid destination; internal HTTP target resolves successfully; tel/mail links remain device handoffs.,/terms -> /ai-office-blueprint,Rendered mobile DOM anchor discovery + safe HTTP target check; no production form submits.,pass,200 https://stanley-systems.com/ai-office-blueprint,,,pass,/home/jaden/.openclaw/workspace/Stanley-Systems-Landing-Page/qa/browser-screenshots/455-terms.png,Rendered mobile DOM anchors
MOB-462,Site page,CTA/link: AI Office Installation Sprint,"As a mobile visitor on /terms, I can tap “AI Office Installation Sprint” and go to the intended destination.",Visible tap target has a valid destination; internal HTTP target resolves successfully; tel/mail links remain device handoffs.,/terms -> /systems-installation-sprint,Rendered mobile DOM anchor discovery + safe HTTP target check; no production form submits.,pass,200 https://stanley-systems.com/systems-installation-sprint,,,pass,/home/jaden/.openclaw/workspace/Stanley-Systems-Landing-Page/qa/browser-screenshots/455-terms.png,Rendered mobile DOM anchors
MOB-463,Site page,CTA/link: AI Office Ops,"As a mobile visitor on /terms, I can tap “AI Office Ops” and go to the intended destination.",Visible tap target has a valid destination; internal HTTP target resolves successfully; tel/mail links remain device handoffs.,/terms -> /pricing,Rendered mobile DOM anchor discovery + safe HTTP target check; no production form submits.,pass,200 https://stanley-systems.com/pricing,,,pass,/home/jaden/.openclaw/workspace/Stanley-Systems-Landing-Page/qa/browser-screenshots/455-terms.png,Rendered mobile DOM anchors
MOB-464,Site page,Form/interactive flow: /terms,"As a mobile visitor, I can see and use the form or interactive flow on /terms without layout blocking.",Fields/buttons are visible and large enough for mobile; validation should prevent incomplete submissions; production side-effect submissions require explicit approval before live POST testing.,/terms,"Side-effect-safe render inspection. Found 0 form(s), 38 interactive anchors/buttons. No live POST submission performed.",pass,"{""forms"":[]}",,,pass,/home/jaden/.openclaw/workspace/Stanley-Systems-Landing-Page/qa/browser-screenshots/455-terms.png,Rendered forms/buttons + source fetch calls searched separately
MOB-465,Site page,Mobile page load: /terms-and-conditions,"As a mobile visitor, I can open /terms-and-conditions and see usable content without broken rendering.","HTTP 2xx/3xx, no visible app error, no horizontal overflow, meaningful mobile content renders.",/terms-and-conditions,"Playwright mobile 393x759 route render, console/page-error capture, horizontal-overflow check, first-fold screenshot.",pass,200 title=Terms of Service | Stanley Systems h1=(none),,,pass,/home/jaden/.openclaw/workspace/Stanley-Systems-Landing-Page/qa/browser-screenshots/465-terms-and-conditions.png,app/**/page.tsx + app/sitemap.ts + rendered DOM
MOB-466,Site page,CTA/link: tel:+16179586372,"As a mobile visitor on /terms-and-conditions, I can tap “tel:+16179586372” and go to the intended destination.",Visible tap target has a valid destination; internal HTTP target resolves successfully; tel/mail links remain device handoffs.,/terms-and-conditions -> tel:+16179586372,Rendered mobile DOM anchor discovery + safe HTTP target check; no production form submits.,pass,device handoff link present,,,pass,/home/jaden/.openclaw/workspace/Stanley-Systems-Landing-Page/qa/browser-screenshots/465-terms-and-conditions.png,Rendered mobile DOM anchors
MOB-467,Site page,CTA/link: Start Free,"As a mobile visitor on /terms-and-conditions, I can tap “Start Free” and go to the intended destination.",Visible tap target has a valid destination; internal HTTP target resolves successfully; tel/mail links remain device handoffs.,/terms-and-conditions -> /ai-office-blueprint,Rendered mobile DOM anchor discovery + safe HTTP target check; no production form submits.,pass,200 https://stanley-systems.com/ai-office-blueprint,,,pass,/home/jaden/.openclaw/workspace/Stanley-Systems-Landing-Page/qa/browser-screenshots/465-terms-and-conditions.png,Rendered mobile DOM anchors
MOB-468,Site page,CTA/link: Map,"As a mobile visitor on /terms-and-conditions, I can tap “Map” and go to the intended destination.",Visible tap target has a valid destination; internal HTTP target resolves successfully; tel/mail links remain device handoffs.,/terms-and-conditions -> /ai-office-map,Rendered mobile DOM anchor discovery + safe HTTP target check; no production form submits.,pass,200 https://stanley-systems.com/ai-office-map,,,pass,/home/jaden/.openclaw/workspace/Stanley-Systems-Landing-Page/qa/browser-screenshots/465-terms-and-conditions.png,Rendered mobile DOM anchors
MOB-469,Site page,CTA/link: Stanley Systems,"As a mobile visitor on /terms-and-conditions, I can tap “Stanley Systems” and go to the intended destination.",Visible tap target has a valid destination; internal HTTP target resolves successfully; tel/mail links remain device handoffs.,/terms-and-conditions -> /,Rendered mobile DOM anchor discovery + safe HTTP target check; no production form submits.,pass,200 https://stanley-systems.com/,,,pass,/home/jaden/.openclaw/workspace/Stanley-Systems-Landing-Page/qa/browser-screenshots/465-terms-and-conditions.png,Rendered mobile DOM anchors
MOB-470,Site page,CTA/link: AI Office Map,"As a mobile visitor on /terms-and-conditions, I can tap “AI Office Map” and go to the intended destination.",Visible tap target has a valid destination; internal HTTP target resolves successfully; tel/mail links remain device handoffs.,/terms-and-conditions -> /ai-office-map,Rendered mobile DOM anchor discovery + safe HTTP target check; no production form submits.,pass,200 https://stanley-systems.com/ai-office-map,,,pass,/home/jaden/.openclaw/workspace/Stanley-Systems-Landing-Page/qa/browser-screenshots/465-terms-and-conditions.png,Rendered mobile DOM anchors
MOB-471,Site page,CTA/link: Free AI Office Blueprint,"As a mobile visitor on /terms-and-conditions, I can tap “Free AI Office Blueprint” and go to the intended destination.",Visible tap target has a valid destination; internal HTTP target resolves successfully; tel/mail links remain device handoffs.,/terms-and-conditions -> /ai-office-blueprint,Rendered mobile DOM anchor discovery + safe HTTP target check; no production form submits.,pass,200 https://stanley-systems.com/ai-office-blueprint,,,pass,/home/jaden/.openclaw/workspace/Stanley-Systems-Landing-Page/qa/browser-screenshots/465-terms-and-conditions.png,Rendered mobile DOM anchors
MOB-472,Site page,CTA/link: AI Office Installation Sprint,"As a mobile visitor on /terms-and-conditions, I can tap “AI Office Installation Sprint” and go to the intended destination.",Visible tap target has a valid destination; internal HTTP target resolves successfully; tel/mail links remain device handoffs.,/terms-and-conditions -> /systems-installation-sprint,Rendered mobile DOM anchor discovery + safe HTTP target check; no production form submits.,pass,200 https://stanley-systems.com/systems-installation-sprint,,,pass,/home/jaden/.openclaw/workspace/Stanley-Systems-Landing-Page/qa/browser-screenshots/465-terms-and-conditions.png,Rendered mobile DOM anchors
MOB-473,Site page,CTA/link: AI Office Ops,"As a mobile visitor on /terms-and-conditions, I can tap “AI Office Ops” and go to the intended destination.",Visible tap target has a valid destination; internal HTTP target resolves successfully; tel/mail links remain device handoffs.,/terms-and-conditions -> /pricing,Rendered mobile DOM anchor discovery + safe HTTP target check; no production form submits.,pass,200 https://stanley-systems.com/pricing,,,pass,/home/jaden/.openclaw/workspace/Stanley-Systems-Landing-Page/qa/browser-screenshots/465-terms-and-conditions.png,Rendered mobile DOM anchors
MOB-474,Site page,Form/interactive flow: /terms-and-conditions,"As a mobile visitor, I can see and use the form or interactive flow on /terms-and-conditions without layout blocking.",Fields/buttons are visible and large enough for mobile; validation should prevent incomplete submissions; production side-effect submissions require explicit approval before live POST testing.,/terms-and-conditions,"Side-effect-safe render inspection. Found 0 form(s), 38 interactive anchors/buttons. No live POST submission performed.",pass,"{""forms"":[]}",,,pass,/home/jaden/.openclaw/workspace/Stanley-Systems-Landing-Page/qa/browser-screenshots/465-terms-and-conditions.png,Rendered forms/buttons + source fetch calls searched separately
MOB-475,Site page,Mobile page load: /who-stanley-systems-helps,"As a mobile visitor, I can open /who-stanley-systems-helps and see usable content without broken rendering.","HTTP 2xx/3xx, no visible app error, no horizontal overflow, meaningful mobile content renders.",/who-stanley-systems-helps,"Playwright mobile 393x759 route render, console/page-error capture, horizontal-overflow check, first-fold screenshot.",pass,200 title=Stanley Systems | AI Office Map h1=Best for service companies where office bottlenecks are starting to cap growth.,,,pass,/home/jaden/.openclaw/workspace/Stanley-Systems-Landing-Page/qa/browser-screenshots/475-who-stanley-systems-helps.png,app/**/page.tsx + app/sitemap.ts + rendered DOM
MOB-476,Site page,CTA/link: tel:+16179586372,"As a mobile visitor on /who-stanley-systems-helps, I can tap “tel:+16179586372” and go to the intended destination.",Visible tap target has a valid destination; internal HTTP target resolves successfully; tel/mail links remain device handoffs.,/who-stanley-systems-helps -> tel:+16179586372,Rendered mobile DOM anchor discovery + safe HTTP target check; no production form submits.,pass,device handoff link present,,,pass,/home/jaden/.openclaw/workspace/Stanley-Systems-Landing-Page/qa/browser-screenshots/475-who-stanley-systems-helps.png,Rendered mobile DOM anchors
MOB-477,Site page,CTA/link: Start Free,"As a mobile visitor on /who-stanley-systems-helps, I can tap “Start Free” and go to the intended destination.",Visible tap target has a valid destination; internal HTTP target resolves successfully; tel/mail links remain device handoffs.,/who-stanley-systems-helps -> /ai-office-blueprint,Rendered mobile DOM anchor discovery + safe HTTP target check; no production form submits.,pass,200 https://stanley-systems.com/ai-office-blueprint,,,pass,/home/jaden/.openclaw/workspace/Stanley-Systems-Landing-Page/qa/browser-screenshots/475-who-stanley-systems-helps.png,Rendered mobile DOM anchors
MOB-478,Site page,CTA/link: Map,"As a mobile visitor on /who-stanley-systems-helps, I can tap “Map” and go to the intended destination.",Visible tap target has a valid destination; internal HTTP target resolves successfully; tel/mail links remain device handoffs.,/who-stanley-systems-helps -> /ai-office-map,Rendered mobile DOM anchor discovery + safe HTTP target check; no production form submits.,pass,200 https://stanley-systems.com/ai-office-map,,,pass,/home/jaden/.openclaw/workspace/Stanley-Systems-Landing-Page/qa/browser-screenshots/475-who-stanley-systems-helps.png,Rendered mobile DOM anchors
MOB-479,Site page,CTA/link: Stanley Systems,"As a mobile visitor on /who-stanley-systems-helps, I can tap “Stanley Systems” and go to the intended destination.",Visible tap target has a valid destination; internal HTTP target resolves successfully; tel/mail links remain device handoffs.,/who-stanley-systems-helps -> /,Rendered mobile DOM anchor discovery + safe HTTP target check; no production form submits.,pass,200 https://stanley-systems.com/,,,pass,/home/jaden/.openclaw/workspace/Stanley-Systems-Landing-Page/qa/browser-screenshots/475-who-stanley-systems-helps.png,Rendered mobile DOM anchors
MOB-480,Site page,CTA/link: AI Office Map,"As a mobile visitor on /who-stanley-systems-helps, I can tap “AI Office Map” and go to the intended destination.",Visible tap target has a valid destination; internal HTTP target resolves successfully; tel/mail links remain device handoffs.,/who-stanley-systems-helps -> /ai-office-map,Rendered mobile DOM anchor discovery + safe HTTP target check; no production form submits.,pass,200 https://stanley-systems.com/ai-office-map,,,pass,/home/jaden/.openclaw/workspace/Stanley-Systems-Landing-Page/qa/browser-screenshots/475-who-stanley-systems-helps.png,Rendered mobile DOM anchors
MOB-481,Site page,CTA/link: Free AI Office Blueprint,"As a mobile visitor on /who-stanley-systems-helps, I can tap “Free AI Office Blueprint” and go to the intended destination.",Visible tap target has a valid destination; internal HTTP target resolves successfully; tel/mail links remain device handoffs.,/who-stanley-systems-helps -> /ai-office-blueprint,Rendered mobile DOM anchor discovery + safe HTTP target check; no production form submits.,pass,200 https://stanley-systems.com/ai-office-blueprint,,,pass,/home/jaden/.openclaw/workspace/Stanley-Systems-Landing-Page/qa/browser-screenshots/475-who-stanley-systems-helps.png,Rendered mobile DOM anchors
MOB-482,Site page,CTA/link: AI Office Installation Sprint,"As a mobile visitor on /who-stanley-systems-helps, I can tap “AI Office Installation Sprint” and go to the intended destination.",Visible tap target has a valid destination; internal HTTP target resolves successfully; tel/mail links remain device handoffs.,/who-stanley-systems-helps -> /systems-installation-sprint,Rendered mobile DOM anchor discovery + safe HTTP target check; no production form submits.,pass,200 https://stanley-systems.com/systems-installation-sprint,,,pass,/home/jaden/.openclaw/workspace/Stanley-Systems-Landing-Page/qa/browser-screenshots/475-who-stanley-systems-helps.png,Rendered mobile DOM anchors
MOB-483,Site page,CTA/link: AI Office Ops,"As a mobile visitor on /who-stanley-systems-helps, I can tap “AI Office Ops” and go to the intended destination.",Visible tap target has a valid destination; internal HTTP target resolves successfully; tel/mail links remain device handoffs.,/who-stanley-systems-helps -> /pricing,Rendered mobile DOM anchor discovery + safe HTTP target check; no production form submits.,pass,200 https://stanley-systems.com/pricing,,,pass,/home/jaden/.openclaw/workspace/Stanley-Systems-Landing-Page/qa/browser-screenshots/475-who-stanley-systems-helps.png,Rendered mobile DOM anchors
MOB-484,Site page,Form/interactive flow: /who-stanley-systems-helps,"As a mobile visitor, I can see and use the form or interactive flow on /who-stanley-systems-helps without layout blocking.",Fields/buttons are visible and large enough for mobile; validation should prevent incomplete submissions; production side-effect submissions require explicit approval before live POST testing.,/who-stanley-systems-helps,"Side-effect-safe render inspection. Found 0 form(s), 38 interactive anchors/buttons. No live POST submission performed.",pass,"{""forms"":[]}",,,pass,/home/jaden/.openclaw/workspace/Stanley-Systems-Landing-Page/qa/browser-screenshots/475-who-stanley-systems-helps.png,Rendered forms/buttons + source fetch calls searched separately
MOB-485,Machine-readable docs,Mobile page load: /who-stanley-systems-helps.md,"As a mobile visitor, I can open /who-stanley-systems-helps.md and see usable content without broken rendering.","HTTP 2xx/3xx, no visible app error, no horizontal overflow, meaningful mobile content renders.",/who-stanley-systems-helps.md,"Playwright mobile 393x759 route render, console/page-error capture, horizontal-overflow check, first-fold screenshot.",pass,200 title=(none) h1=(none),,,pass,/home/jaden/.openclaw/workspace/Stanley-Systems-Landing-Page/qa/browser-screenshots/485-who-stanley-systems-helps_md.png,app/**/page.tsx + app/sitemap.ts + rendered DOM
MOB-486,Content / SEO pages,Mobile page load: /work-order-to-invoice-process-for-service-businesses,"As a mobile visitor, I can open /work-order-to-invoice-process-for-service-businesses and see usable content without broken rendering.","HTTP 2xx/3xx, no visible app error, no horizontal overflow, meaningful mobile content renders.",/work-order-to-invoice-process-for-service-businesses,"Playwright mobile 393x759 route render, console/page-error capture, horizontal-overflow check, first-fold screenshot.",pass,200 title=Work Order to Invoice Process Fix | Stanley Systems h1=Fix the gap between completed work orders and invoice-ready billing.,,,pass,/home/jaden/.openclaw/workspace/Stanley-Systems-Landing-Page/qa/browser-screenshots/486-work-order-to-invoice-process-for-service-businesses.png,app/**/page.tsx + app/sitemap.ts + rendered DOM
MOB-487,Content / SEO pages,CTA/link: tel:+16179586372,"As a mobile visitor on /work-order-to-invoice-process-for-service-businesses, I can tap “tel:+16179586372” and go to the intended destination.",Visible tap target has a valid destination; internal HTTP target resolves successfully; tel/mail links remain device handoffs.,/work-order-to-invoice-process-for-service-businesses -> tel:+16179586372,Rendered mobile DOM anchor discovery + safe HTTP target check; no production form submits.,pass,device handoff link present,,,pass,/home/jaden/.openclaw/workspace/Stanley-Systems-Landing-Page/qa/browser-screenshots/486-work-order-to-invoice-process-for-service-businesses.png,Rendered mobile DOM anchors
MOB-488,Content / SEO pages,CTA/link: Start Free,"As a mobile visitor on /work-order-to-invoice-process-for-service-businesses, I can tap “Start Free” and go to the intended destination.",Visible tap target has a valid destination; internal HTTP target resolves successfully; tel/mail links remain device handoffs.,/work-order-to-invoice-process-for-service-businesses -> /ai-office-blueprint,Rendered mobile DOM anchor discovery + safe HTTP target check; no production form submits.,pass,200 https://stanley-systems.com/ai-office-blueprint,,,pass,/home/jaden/.openclaw/workspace/Stanley-Systems-Landing-Page/qa/browser-screenshots/486-work-order-to-invoice-process-for-service-businesses.png,Rendered mobile DOM anchors
MOB-489,Content / SEO pages,CTA/link: Map,"As a mobile visitor on /work-order-to-invoice-process-for-service-businesses, I can tap “Map” and go to the intended destination.",Visible tap target has a valid destination; internal HTTP target resolves successfully; tel/mail links remain device handoffs.,/work-order-to-invoice-process-for-service-businesses -> /ai-office-map,Rendered mobile DOM anchor discovery + safe HTTP target check; no production form submits.,pass,200 https://stanley-systems.com/ai-office-map,,,pass,/home/jaden/.openclaw/workspace/Stanley-Systems-Landing-Page/qa/browser-screenshots/486-work-order-to-invoice-process-for-service-businesses.png,Rendered mobile DOM anchors
MOB-490,Content / SEO pages,CTA/link: Stanley Systems,"As a mobile visitor on /work-order-to-invoice-process-for-service-businesses, I can tap “Stanley Systems” and go to the intended destination.",Visible tap target has a valid destination; internal HTTP target resolves successfully; tel/mail links remain device handoffs.,/work-order-to-invoice-process-for-service-businesses -> /,Rendered mobile DOM anchor discovery + safe HTTP target check; no production form submits.,pass,200 https://stanley-systems.com/,,,pass,/home/jaden/.openclaw/workspace/Stanley-Systems-Landing-Page/qa/browser-screenshots/486-work-order-to-invoice-process-for-service-businesses.png,Rendered mobile DOM anchors
MOB-491,Content / SEO pages,CTA/link: Book the AI Office Map,"As a mobile visitor on /work-order-to-invoice-process-for-service-businesses, I can tap “Book the AI Office Map” and go to the intended destination.",Visible tap target has a valid destination; internal HTTP target resolves successfully; tel/mail links remain device handoffs.,/work-order-to-invoice-process-for-service-businesses -> /ai-office-map,Rendered mobile DOM anchor discovery + safe HTTP target check; no production form submits.,pass,200 https://stanley-systems.com/ai-office-map,,,pass,/home/jaden/.openclaw/workspace/Stanley-Systems-Landing-Page/qa/browser-screenshots/486-work-order-to-invoice-process-for-service-businesses.png,Rendered mobile DOM anchors
MOB-492,Content / SEO pages,CTA/link: Calculate Your Admin Drag,"As a mobile visitor on /work-order-to-invoice-process-for-service-businesses, I can tap “Calculate Your Admin Drag” and go to the intended destination.",Visible tap target has a valid destination; internal HTTP target resolves successfully; tel/mail links remain device handoffs.,/work-order-to-invoice-process-for-service-businesses -> /invoicing-delay-cash-flow-calculator,Rendered mobile DOM anchor discovery + safe HTTP target check; no production form submits.,pass,200 https://stanley-systems.com/invoicing-delay-cash-flow-calculator,,,pass,/home/jaden/.openclaw/workspace/Stanley-Systems-Landing-Page/qa/browser-screenshots/486-work-order-to-invoice-process-for-service-businesses.png,Rendered mobile DOM anchors
MOB-493,Content / SEO pages,CTA/link: See what the delay is costing,"As a mobile visitor on /work-order-to-invoice-process-for-service-businesses, I can tap “See what the delay is costing” and go to the intended destination.",Visible tap target has a valid destination; internal HTTP target resolves successfully; tel/mail links remain device handoffs.,/work-order-to-invoice-process-for-service-businesses -> /invoicing-delay-cash-flow-calculator,Rendered mobile DOM anchor discovery + safe HTTP target check; no production form submits.,pass,200 https://stanley-systems.com/invoicing-delay-cash-flow-calculator,,,pass,/home/jaden/.openclaw/workspace/Stanley-Systems-Landing-Page/qa/browser-screenshots/486-work-order-to-invoice-process-for-service-businesses.png,Rendered mobile DOM anchors
MOB-494,Content / SEO pages,CTA/link: Read about office handoff problems,"As a mobile visitor on /work-order-to-invoice-process-for-service-businesses, I can tap “Read about office handoff problems” and go to the intended destination.",Visible tap target has a valid destination; internal HTTP target resolves successfully; tel/mail links remain device handoffs.,/work-order-to-invoice-process-for-service-businesses -> /office-handoff-problems-in-field-service-businesses,Rendered mobile DOM anchor discovery + safe HTTP target check; no production form submits.,pass,200 https://stanley-systems.com/office-handoff-problems-in-field-service-businesses,,,pass,/home/jaden/.openclaw/workspace/Stanley-Systems-Landing-Page/qa/browser-screenshots/486-work-order-to-invoice-process-for-service-businesses.png,Rendered mobile DOM anchors
MOB-495,Content / SEO pages,Form/interactive flow: /work-order-to-invoice-process-for-service-businesses,"As a mobile visitor, I can see and use the form or interactive flow on /work-order-to-invoice-process-for-service-businesses without layout blocking.",Fields/buttons are visible and large enough for mobile; validation should prevent incomplete submissions; production side-effect submissions require explicit approval before live POST testing.,/work-order-to-invoice-process-for-service-businesses,"Side-effect-safe render inspection. Found 0 form(s), 42 interactive anchors/buttons. No live POST submission performed.",pass,"{""forms"":[]}",,,pass,/home/jaden/.openclaw/workspace/Stanley-Systems-Landing-Page/qa/browser-screenshots/486-work-order-to-invoice-process-for-service-businesses.png,Rendered forms/buttons + source fetch calls searched separately
MOB-496,AI Office Map funnel,Mobile page load: /workflow-audit,"As a mobile visitor, I can open /workflow-audit and see usable content without broken rendering.","HTTP 2xx/3xx, no visible app error, no horizontal overflow, meaningful mobile content renders.",/workflow-audit,"Playwright mobile 393x759 route render, console/page-error capture, horizontal-overflow check, first-fold screenshot.",pass,200 title=Stanley Systems | AI Office Map h1=Find the Office Work AI Should Remove First.,,,pass,/home/jaden/.openclaw/workspace/Stanley-Systems-Landing-Page/qa/browser-screenshots/496-workflow-audit.png,app/**/page.tsx + app/sitemap.ts + rendered DOM
MOB-497,AI Office Map funnel,CTA/link: tel:+16179586372,"As a mobile visitor on /workflow-audit, I can tap “tel:+16179586372” and go to the intended destination.",Visible tap target has a valid destination; internal HTTP target resolves successfully; tel/mail links remain device handoffs.,/workflow-audit -> tel:+16179586372,Rendered mobile DOM anchor discovery + safe HTTP target check; no production form submits.,pass,device handoff link present,,,pass,/home/jaden/.openclaw/workspace/Stanley-Systems-Landing-Page/qa/browser-screenshots/496-workflow-audit.png,Rendered mobile DOM anchors
MOB-498,AI Office Map funnel,CTA/link: Start Free,"As a mobile visitor on /workflow-audit, I can tap “Start Free” and go to the intended destination.",Visible tap target has a valid destination; internal HTTP target resolves successfully; tel/mail links remain device handoffs.,/workflow-audit -> /ai-office-blueprint,Rendered mobile DOM anchor discovery + safe HTTP target check; no production form submits.,pass,200 https://stanley-systems.com/ai-office-blueprint,,,pass,/home/jaden/.openclaw/workspace/Stanley-Systems-Landing-Page/qa/browser-screenshots/496-workflow-audit.png,Rendered mobile DOM anchors
MOB-499,AI Office Map funnel,CTA/link: Map,"As a mobile visitor on /workflow-audit, I can tap “Map” and go to the intended destination.",Visible tap target has a valid destination; internal HTTP target resolves successfully; tel/mail links remain device handoffs.,/workflow-audit -> /ai-office-map,Rendered mobile DOM anchor discovery + safe HTTP target check; no production form submits.,pass,200 https://stanley-systems.com/ai-office-map,,,pass,/home/jaden/.openclaw/workspace/Stanley-Systems-Landing-Page/qa/browser-screenshots/496-workflow-audit.png,Rendered mobile DOM anchors
MOB-500,AI Office Map funnel,CTA/link: Stanley Systems,"As a mobile visitor on /workflow-audit, I can tap “Stanley Systems” and go to the intended destination.",Visible tap target has a valid destination; internal HTTP target resolves successfully; tel/mail links remain device handoffs.,/workflow-audit -> /,Rendered mobile DOM anchor discovery + safe HTTP target check; no production form submits.,pass,200 https://stanley-systems.com/,,,pass,/home/jaden/.openclaw/workspace/Stanley-Systems-Landing-Page/qa/browser-screenshots/496-workflow-audit.png,Rendered mobile DOM anchors
MOB-501,AI Office Map funnel,CTA/link: Book the AI Office Map,"As a mobile visitor on /workflow-audit, I can tap “Book the AI Office Map” and go to the intended destination.",Visible tap target has a valid destination; internal HTTP target resolves successfully; tel/mail links remain device handoffs.,/workflow-audit -> https://buy.stripe.com/3cI7sKcHZder5I5cFkg7e09,Rendered mobile DOM anchor discovery + safe HTTP target check; no production form submits.,pass,200 https://buy.stripe.com/3cI7sKcHZder5I5cFkg7e09,,,pass,/home/jaden/.openclaw/workspace/Stanley-Systems-Landing-Page/qa/browser-screenshots/496-workflow-audit.png,Rendered mobile DOM anchors
MOB-502,AI Office Map funnel,CTA/link: Get the Free Blueprint,"As a mobile visitor on /workflow-audit, I can tap “Get the Free Blueprint” and go to the intended destination.",Visible tap target has a valid destination; internal HTTP target resolves successfully; tel/mail links remain device handoffs.,/workflow-audit -> /ai-office-blueprint,Rendered mobile DOM anchor discovery + safe HTTP target check; no production form submits.,pass,200 https://stanley-systems.com/ai-office-blueprint,,,pass,/home/jaden/.openclaw/workspace/Stanley-Systems-Landing-Page/qa/browser-screenshots/496-workflow-audit.png,Rendered mobile DOM anchors
MOB-503,AI Office Map funnel,CTA/link: Buy the AI Office Map,"As a mobile visitor on /workflow-audit, I can tap “Buy the AI Office Map” and go to the intended destination.",Visible tap target has a valid destination; internal HTTP target resolves successfully; tel/mail links remain device handoffs.,/workflow-audit -> https://buy.stripe.com/3cI7sKcHZder5I5cFkg7e09,Rendered mobile DOM anchor discovery + safe HTTP target check; no production form submits.,pass,200 https://buy.stripe.com/3cI7sKcHZder5I5cFkg7e09,,,pass,/home/jaden/.openclaw/workspace/Stanley-Systems-Landing-Page/qa/browser-screenshots/496-workflow-audit.png,Rendered mobile DOM anchors
MOB-504,AI Office Map funnel,CTA/link: Privacy Policy,"As a mobile visitor on /workflow-audit, I can tap “Privacy Policy” and go to the intended destination.",Visible tap target has a valid destination; internal HTTP target resolves successfully; tel/mail links remain device handoffs.,/workflow-audit -> /privacy-policy,Rendered mobile DOM anchor discovery + safe HTTP target check; no production form submits.,pass,200 https://stanley-systems.com/privacy-policy,,,pass,/home/jaden/.openclaw/workspace/Stanley-Systems-Landing-Page/qa/browser-screenshots/496-workflow-audit.png,Rendered mobile DOM anchors
MOB-505,AI Office Map funnel,Form/interactive flow: /workflow-audit,"As a mobile visitor, I can see and use the form or interactive flow on /workflow-audit without layout blocking.",Fields/buttons are visible and large enough for mobile; validation should prevent incomplete submissions; production side-effect submissions require explicit approval before live POST testing.,/workflow-audit,"Side-effect-safe render inspection. Found 1 form(s), 44 interactive anchors/buttons. No live POST submission performed.",pass,"{""forms"":[{""inputs"":[{""name"":"""",""type"":""text"",""required"":true,""placeholder"":""Jane Smith""},{""name"":"""",""type"":""text"",""required"":true,""placeholder"":""Company name""},{""name"":"""",""type"":""email"",""required"":true,""placeholder"":""jane@company.com""},{""name"":"""",""type"":""tel"",""required"":false,""placeholder"":""+1 (555) 123-4567""},{""name"":"""",""type"":""text"",""required"":true,""placeholder"":""HVAC, plumbing, marine, electrical, landscaping, etc.""},{""name"":"""",""type"":""textarea"",""required"":true,""placeholder"":""Example: I want to know if this can help with billing prep, estimate follow-up, job notes, or admin handoffs.""},{""name"":"""",""type"":""checkbox"",""required"":false,""placeholder"":""""}],""submits"":[""Send info request""]}]}",,,pass,/home/jaden/.openclaw/workspace/Stanley-Systems-Landing-Page/qa/browser-screenshots/496-workflow-audit.png,Rendered forms/buttons + source fetch calls searched separately
